university;subject;overall_study_situation;total_number_of_students;population_of_the_town;proportion_of_students_in_the_town;student_accommodation_rent;students_at_this_campus
RWTH Aachen;Computer Science;1.9;3,720;244,951;23.5;187 - 577;45,404
Uni Augsburg;Computer Science;2;1,800;289,584;9.2;190 - 362;20,035
Uni Bamberg;Computer Science;1.6;550;75,743;17.1;196 - 360;12,663
Uni Bayreuth;Computer Science;1.9;670;73,065;17.8;128 - 332;12,964
FU Berlin;Computer Science;2.5;2,050;3,574,830;5.3;125 - 380;36,771
HU Berlin;Computer Science;2.1;1,600;3,574,830;5.3;125 - 380;34,963
TU Berlin;Computer Science;2.5;5,160;3,574,830;5.3;125 - 380;34,718
Uni Bielefeld;Computer Science;;1,440;333,451;11.4;172 - 355;25,074
Uni Bochum;Computer Science;;600;364,920;15.9;200 - 500;43,059
Uni Bonn;Computer Science;2.2;2,130;322,125;12.4;172 - 633;37,515
TU Braunschweig;Computer Science;2.2;1,010;248,667;8.5;156 - 620;20,116
Jacobs Univ. Bremen (priv.);Computer Science;2.1;180;565,719;6.2;198 - 288;1,325
Uni Bremen;Computer Science;2.1;1,710;565,719;6.2;198 - 288;19,224
TU Chemnitz;Computer Science;;950;246,353;4.3;157 - 260;10,482
TU Clausthal;Computer Science;1.8;450;15,523;28.5;156 - 620;4,423
BTU Cottbus-Senftenberg/Cottbus;Computer Science;1.9;340;100,416;6.2;158 - 385;6,212
TU Darmstadt;Computer Science;1.8;3,840;157,437;29.3;190 - 547;25,840
TU Dortmund;Computer Science;2;5,360;585,813;9.3;181 - 250;33,952
TU Dresden;Computer Science;2.1;2,120;547,172;7.2;107 - 370;29,728
Uni Düsseldorf;Computer Science;2.9;1,430;613,230;9.3;206 - 381;35,343
Uni Duisburg-Essen/Duisb.;Computer Science;2.4;2,510;499,845;;238 - 450;42,910
Uni Duisburg-Essen/Essen;Computer Science;;1,270;583,084;;238 - 450;42,910
Uni Erl.-Nürnb./Erlangen;Computer Science;2.2;2,330;110,238;26.3;151 -319;29,025
Uni Frankfurt a.M.;Computer Science;2.7;2,340;736,414;9.8;203 - 431;47,134
TU Bergakademie Freiberg;Computer Science;;50;41,642;9.9;170 - 380;4,113
Uni Freiburg;Computer Science;2.2;940;227,590;14.4;196 - 412;24,488
Uni Göttingen;Computer Science;;600;119,177;29.9;123 - 353;30,872
FernUni Hagen;Computer Science;;6,460;188,266;38.1;181 - 250;67,983
Uni Halle-Wittenberg;Computer Science;;450;238,005;8.9;184 - 294;20,158
TU Hamburg;Computer Science;2.2;720;1,810,438;6;233 - 415;7,774
Uni Hamburg;Computer Science;;1,640;1,810,438;6;233 - 415;42,853
Uni Hannover;Computer Science;2.6;1,590;532,864;9.3;154 - 395;28,613
Uni Heidelberg;Computer Science;1.8;620;159,914;22;165 - 363;26,980
Uni Hildesheim;Computer Science;1.9;400;101,687;11.3;156 - 620;8,056
TU Ilmenau;Computer Science;2.1;660;36,666;15.8;103 - 348;5,807
Uni Jena;Computer Science;2;470;110,321;19.8;103 - 348;17,335
TU Kaiserslautern;Computer Science;1.7;1,420;99,302;17.5;140 - 395;14,668
Karlsruher Inst. f. Technologie KIT;Computer Science;1.8;3,160;309,999;13.4;157 - 362;24,814
Uni Kassel;Computer Science;2.2;820;199,062;15.3;173 - 420;24,140
Uni Kiel;Computer Science;2.2;1,310;247,441;14.1;150 - 521;26,528
Uni Kobl.-Land./Koblenz;Computer Science;2;940;113,605;13.4;240 - 330;8,614
Uni Konstanz;Computer Science;2.1;590;83,789;19.3;228 - 420;11,078
Uni Leipzig;Computer Science;;1,030;571,088;6.8;138 - 425;28,797
Uni Lübeck;Computer Science;2;1,020;216,712;4.9;150 - 521;4,604
Uni Magdeburg;Computer Science;1.9;1,450;238,136;7.5;154 - 299;13,840
Uni Mainz;Computer Science;;770;213,528;18.2;258 - 412;30,315
Uni Marburg;Computer Science;;1,500;74,675;34.5;151 - 320;25,541
LMU München;Computer Science;;2,120;1,464,301;7.5;181 - 458;50,527
TU München/Garching;Computer Science;1.8;5,330;17,099;94;181 - 458;16,079
Uni BW München;Computer Science;;150;1,464,301;7.5;181 - 458;3,260
Uni Münster;Computer Science;;730;311,846;19.3;174 - 606;44,755
Uni Oldenburg;Computer Science;2.1;860;165,711;10.5;126 - 389;15,218
Uni Osnabrück;Computer Science;1.8;780;164,070;15.6;154 - 401;14,067
Uni Paderborn;Computer Science;2;1,510;148,677;14.8;215 - 600;20,265
Uni Passau;Computer Science;2.1;1,210;51,074;24.9;164 - 461;12,742
H.-Plattner-Inst./Uni Potsdam (priv.);Computer Science;1.5;660;171,810;14.3;160 - 450;660
Uni Potsdam;Computer Science;;680;171,810;14.3;160 - 450;20,616
Uni Regensburg;Computer Science;;570;148,638;21.7;164 - 461;20,792
Uni Rostock;Computer Science;1.9;650;207,513;7.2;190 - 440;13,815
Uni des Saarlandes/Saarbrücken;Computer Science;1.7;1,960;179,709;17.5;206 - 301;16,441
Uni Siegen;Computer Science;;850;101,863;19.8;188 - 435;19,457
Uni Stuttgart;Computer Science;2.3;1,740;628,032;10;235 - 600;26,207
Uni Trier;Computer Science;;270;110,111;16.5;175 - 310;12,714
Uni Tübingen;Computer Science;2.1;1,800;88,347;30.9;167 - 393;27,318
Uni Ulm;Computer Science;1.8;1,240;123,953;11.8;215 - 405;10,461
Uni Weimar;Computer Science;1.9;230;64,355;7.1;103 - 348;3,743
Uni Würzburg;Computer Science;2.1;1,460;126,010;27.6;196 - 360;27,987
Uni Augsburg;Business Computing;1.5;300;289,584;9.2;190 - 362;20,035
Uni Bamberg;Business Computing;1.5;1,070;75,743;17.1;196 - 360;12,663
HU Berlin;Business Computing;;70;3,574,830;5.3;125 - 380;34,963
TU Braunschweig;Business Computing;;730;248,667;8.5;156 - 620;20,116
TU Chemnitz;Business Computing;;140;246,353;4.3;157 - 260;10,482
TU Clausthal;Business Computing;1.8;390;15,523;28.5;156 - 620;4,423
BTU Cottbus-Senftenberg/Cottbus;Business Computing;;80;100,416;6.2;158 - 385;6,212
TU Darmstadt;Business Computing;1.8;670;157,437;29.3;190 - 547;25,840
TU Dresden;Business Computing;;290;547,172;7.2;107 - 370;29,728
Uni Duisburg-Essen/Essen;Business Computing;2.3;1,900;583,084;;238 - 450;42,910
Uni Erl.-Nürnb./Nürnberg;Business Computing;;700;511,628;5.1;151 -319;9,644
Frankfurt School (priv.);Business Computing;1.8;110;736,414;9.8;203 - 431;2,326
Uni Frankfurt a.M.;Business Computing;;120;736,414;9.8;203 - 431;47,134
Uni Göttingen;Business Computing;1.6;440;119,177;29.9;123 - 353;30,872
FernUni Hagen;Business Computing;;4,620;188,266;38.1;181 - 250;67,983
Uni Halle-Wittenberg;Business Computing;;170;238,005;8.9;184 - 294;20,158
Uni Hamburg;Business Computing;;590;1,810,438;6;233 - 415;42,853
Uni Hildesheim;Business Computing;2.9;370;101,687;11.3;156 - 620;8,056
Uni Hohenheim;Business Computing;;110;628,032;10;235 - 600;9,253
TU Ilmenau;Business Computing;;250;36,666;15.8;103 - 348;5,807
Uni Jena;Business Computing;2.6;80;110,321;19.8;103 - 348;17,335
Karlsruher Inst. f. Technologie KIT;Business Computing;1.6;580;309,999;13.4;157 - 362;24,814
Uni Kiel;Business Computing;;200;247,441;14.1;150 - 521;26,528
Uni Kobl.-Land./Koblenz;Business Computing;2.7;690;113,605;13.4;240 - 330;8,614
Uni Köln;Business Computing;;780;1,075,935;9.5;139 - 368;53,175
Uni Leipzig;Business Computing;2;420;571,088;6.8;138 - 425;28,797
Uni Lüneburg;Business Computing;;250;74,494;13.1;156 - 620;9,900
Uni Magdeburg;Business Computing;1.8;180;238,136;7.5;154 - 299;13,840
Uni Mannheim;Business Computing;1.8;620;304,781;9.3;190 - 410;12,012
TU München/Garching;Business Computing;1.6;830;17,099;94;181 - 458;16,079
Uni BW München;Business Computing;;50;1,464,301;7.5;181 - 458;3,260
Uni Münster;Business Computing;1.7;860;311,846;19.3;174 - 606;44,755
Uni Oldenburg;Business Computing;2;560;165,711;10.5;126 - 389;15,218
Uni Osnabrück;Business Computing;;90;164,070;15.6;154 - 401;14,067
Uni Paderborn;Business Computing;1.5;530;148,677;14.8;215 - 600;20,265
Uni Passau;Business Computing;1.4;250;51,074;24.9;164 - 461;12,742
Uni Potsdam;Business Computing;;370;171,810;14.3;160 - 450;20,616
Uni Regensburg;Business Computing;1.7;340;148,638;21.7;164 - 461;20,792
Uni Rostock;Business Computing;1.9;140;207,513;7.2;190 - 440;13,815
Uni des Saarlandes/Saarbrücken;Business Computing;1.9;350;179,709;17.5;206 - 301;16,441
Uni Siegen;Business Computing;;580;101,863;19.8;188 - 435;19,457
Uni Stuttgart;Business Computing;;180;628,032;10;235 - 600;26,207
Uni Trier;Business Computing;;230;110,111;16.5;175 - 310;12,714
Uni Würzburg;Business Computing;2.3;470;126,010;27.6;196 - 360;27,987
RWTH Aachen;Mathematics;1.7;820;244,951;23.5;187 - 577;45,404
Uni Augsburg;Mathematics;2;630;289,584;9.2;190 - 362;20,035
Uni Bayreuth;Mathematics;1.5;270;73,065;17.8;128 - 332;12,964
FU Berlin;Mathematics;;810;3,574,830;5.3;125 - 380;36,771
HU Berlin;Mathematics;;770;3,574,830;5.3;125 - 380;34,963
TU Berlin;Mathematics;2;2,390;3,574,830;5.3;125 - 380;34,718
Uni Bielefeld;Mathematics;;1,070;333,451;11.4;172 - 355;25,074
Uni Bochum;Mathematics;2.2;740;364,920;15.9;200 - 500;43,059
Uni Bonn;Mathematics;1.9;1,080;322,125;12.4;172 - 633;37,515
TU Braunschweig;Mathematics;;550;248,667;8.5;156 - 620;20,116
Jacobs Univ. Bremen (priv.);Mathematics;1.7;40;565,719;6.2;198 - 288;1,325
Uni Bremen;Mathematics;;340;565,719;6.2;198 - 288;19,224
TU Chemnitz;Mathematics;1.5;160;246,353;4.3;157 - 260;10,482
BTU Cottbus-Senftenberg/Cottbus;Mathematics;;100;100,416;6.2;158 - 385;6,212
TU Darmstadt;Mathematics;1.6;720;157,437;29.3;190 - 547;25,840
TU Dortmund;Mathematics;2.3;1,270;585,813;9.3;181 - 250;33,952
TU Dresden;Mathematics;1.8;360;547,172;7.2;107 - 370;29,728
Uni Düsseldorf;Mathematics;;750;613,230;9.3;206 - 381;35,343
Uni Duisburg-Essen/Essen;Mathematics;2.1;1,970;583,084;;238 - 450;42,910
Katholische Universität/Eichstätt;Mathematics;;80;13,457;30.9;;4,153
Uni Erl.-Nürnb./Erlangen;Mathematics;2;540;110,238;26.3;151 -319;29,025
Uni Frankfurt a.M.;Mathematics;;1,400;736,414;9.8;203 - 431;47,134
TU Bergakademie Freiberg;Mathematics;;190;41,642;9.9;170 - 380;4,113
Uni Freiburg;Mathematics;2.1;380;227,590;14.4;196 - 412;24,488
Uni Gießen;Mathematics;;240;86,543;46.3;165 - 444;28,575
Uni Göttingen;Mathematics;1.9;620;119,177;29.9;123 - 353;30,872
Uni Greifswald;Mathematics;;240;57,985;17.7;164 - 540;10,246
FernUni Hagen;Mathematics;;2,310;188,266;38.1;181 - 250;67,983
Uni Halle-Wittenberg;Mathematics;;120;238,005;8.9;184 - 294;20,158
TU Hamburg;Mathematics;;150;1,810,438;6;233 - 415;7,774
Uni Hamburg;Mathematics;;800;1,810,438;6;233 - 415;42,853
Uni Hannover;Mathematics;2.3;640;532,864;9.3;154 - 395;28,613
Uni Heidelberg;Mathematics;;770;159,914;22;165 - 363;26,980
Uni Hildesheim;Mathematics;;600;101,687;11.3;156 - 620;8,056
TU Ilmenau;Mathematics;;70;36,666;15.8;103 - 348;5,807
Uni Jena;Mathematics;1.6;130;110,321;19.8;103 - 348;17,335
TU Kaiserslautern;Mathematics;1.4;530;99,302;17.5;140 - 395;14,668
Karlsruher Inst. f. Technologie KIT;Mathematics;1.8;730;309,999;13.4;157 - 362;24,814
Uni Kassel;Mathematics;2;220;199,062;15.3;173 - 420;24,140
Uni Kiel;Mathematics;;390;247,441;14.1;150 - 521;26,528
Uni Kobl.-Land./Koblenz;Mathematics;;70;113,605;13.4;240 - 330;8,614
Uni Kobl.-Land./Landau;Mathematics;;790;46,006;18.2;155 - 300;8,367
Uni Köln;Mathematics;;2,080;1,075,935;9.5;139 - 368;53,175
Uni Konstanz;Mathematics;1.8;310;83,789;19.3;228 - 420;11,078
Uni Leipzig;Mathematics;;900;571,088;6.8;138 - 425;28,797
Uni Lübeck;Mathematics;2;210;216,712;4.9;150 - 521;4,604
Uni Magdeburg;Mathematics;1.5;300;238,136;7.5;154 - 299;13,840
Uni Mainz;Mathematics;1.8;350;213,528;18.2;258 - 412;30,315
Uni Marburg;Mathematics;;920;74,675;34.5;151 - 320;25,541
LMU München;Mathematics;;2,540;1,464,301;7.5;181 - 458;50,527
TU München/Garching;Mathematics;1.6;1,220;17,099;94;181 - 458;16,079
Uni Münster;Mathematics;2.2;760;311,846;19.3;174 - 606;44,755
Uni Oldenburg;Mathematics;;1,240;165,711;10.5;126 - 389;15,218
Uni Osnabrück;Mathematics;;380;164,070;15.6;154 - 401;14,067
Uni Paderborn;Mathematics;2.1;280;148,677;14.8;215 - 600;20,265
Uni Passau;Mathematics;1.8;110;51,074;24.9;164 - 461;12,742
Uni Potsdam;Mathematics;;290;171,810;14.3;160 - 450;20,616
Uni Regensburg;Mathematics;1.9;400;148,638;21.7;164 - 461;20,792
Uni Rostock;Mathematics;1.7;120;207,513;7.2;190 - 440;13,815
Uni des Saarlandes/Saarbrücken;Mathematics;;220;179,709;17.5;206 - 301;16,441
Uni Siegen;Mathematics;;390;101,863;19.8;188 - 435;19,457
Uni Stuttgart;Mathematics;2;410;628,032;10;235 - 600;26,207
Uni Trier;Mathematics;;240;110,111;16.5;175 - 310;12,714
Uni Tübingen;Mathematics;;330;88,347;30.9;167 - 393;27,318
Uni Ulm;Mathematics;2;1,010;123,953;11.8;215 - 405;10,461
Uni Würzburg;Mathematics;1.9;840;126,010;27.6;196 - 360;27,987
Uni Wuppertal;Mathematics;;1,620;352,390;6.5;190 - 326;21,933
RWTH Aachen;Physics;1.9;1,280;244,951;23.5;187 - 577;45,404
Uni Augsburg;Physics;2;180;289,584;9.2;190 - 362;20,035
Uni Bayreuth;Physics;1.7;200;73,065;17.8;128 - 332;12,964
FU Berlin;Physics;2;560;3,574,830;5.3;125 - 380;36,771
HU Berlin;Physics;2.4;800;3,574,830;5.3;125 - 380;34,963
TU Berlin;Physics;2.2;1,390;3,574,830;5.3;125 - 380;34,718
Uni Bielefeld;Physics;;290;333,451;11.4;172 - 355;25,074
Uni Bochum;Physics;2.1;590;364,920;15.9;200 - 500;43,059
Uni Bonn;Physics;2;1,130;322,125;12.4;172 - 633;37,515
TU Braunschweig;Physics;;220;248,667;8.5;156 - 620;20,116
Jacobs Univ. Bremen (priv.);Physics;;50;565,719;6.2;198 - 288;1,325
Uni Bremen;Physics;;250;565,719;6.2;198 - 288;19,224
TU Chemnitz;Physics;2.6;470;246,353;4.3;157 - 260;10,482
BTU Cottbus-Senftenberg/Cottbus;Physics;;70;100,416;6.2;158 - 385;6,212
TU Darmstadt;Physics;2;640;157,437;29.3;190 - 547;25,840
TU Dortmund;Physics;2.1;1,290;585,813;9.3;181 - 250;33,952
TU Dresden;Physics;1.9;740;547,172;7.2;107 - 370;29,728
Uni Düsseldorf;Physics;2.4;790;613,230;9.3;206 - 381;35,343
Uni Duisburg-Essen/Duisb.;Physics;1.7;570;499,845;;238 - 450;42,910
Uni Erl.-Nürnb./Erlangen;Physics;1.9;640;110,238;26.3;151 -319;29,025
Europa-Uni Flensburg;Physics;;30;87,432;11;150 - 521;5,697
Uni Frankfurt a.M.;Physics;1.9;1,030;736,414;9.8;203 - 431;47,134
Uni Freiburg;Physics;2.3;300;227,590;14.4;196 - 412;24,488
Uni Gießen;Physics;2.6;250;86,543;46.3;165 - 444;28,575
Uni Göttingen;Physics;1.6;850;119,177;29.9;123 - 353;30,872
Uni Greifswald;Physics;;140;57,985;17.7;164 - 540;10,246
Uni Halle-Wittenberg;Physics;1.8;360;238,005;8.9;184 - 294;20,158
Uni Hamburg;Physics;;1,840;1,810,438;6;233 - 415;42,853
Uni Hannover;Physics;1.7;690;532,864;9.3;154 - 395;28,613
Uni Heidelberg;Physics;1.8;1,800;159,914;22;165 - 363;26,980
Uni Hildesheim;Physics;;40;101,687;11.3;156 - 620;8,056
TU Ilmenau;Physics;2;120;36,666;15.8;103 - 348;5,807
Uni Jena;Physics;1.5;460;110,321;19.8;103 - 348;17,335
TU Kaiserslautern;Physics;1.7;420;99,302;17.5;140 - 395;14,668
Karlsruher Inst. f. Technologie KIT;Physics;1.7;1,110;309,999;13.4;157 - 362;24,814
Uni Kassel;Physics;;160;199,062;15.3;173 - 420;24,140
Uni Kiel;Physics;1.9;670;247,441;14.1;150 - 521;26,528
Uni Kobl.-Land./Koblenz;Physics;;90;113,605;13.4;240 - 330;8,614
Uni Kobl.-Land./Landau;Physics;;40;46,006;18.2;155 - 300;8,367
Uni Köln;Physics;1.7;1,450;1,075,935;9.5;139 - 368;53,175
Uni Konstanz;Physics;1.7;300;83,789;19.3;228 - 420;11,078
Uni Leipzig;Physics;;770;571,088;6.8;138 - 425;28,797
Uni Lübeck;Physics;;80;216,712;4.9;150 - 521;4,604
Uni Magdeburg;Physics;2;70;238,136;7.5;154 - 299;13,840
Uni Mainz;Physics;1.8;550;213,528;18.2;258 - 412;30,315
Uni Marburg;Physics;2;460;74,675;34.5;151 - 320;25,541
LMU München;Physics;2;1,780;1,464,301;7.5;181 - 458;50,527
TU München/Garching;Physics;2;1,260;17,099;94;181 - 458;16,079
Uni Münster;Physics;1.9;2,080;311,846;19.3;174 - 606;44,755
Uni Oldenburg;Physics;2.1;1,190;165,711;10.5;126 - 389;15,218
Uni Osnabrück;Physics;;270;164,070;15.6;154 - 401;14,067
Uni Paderborn;Physics;2;200;148,677;14.8;215 - 600;20,265
Uni Potsdam;Physics;;430;171,810;14.3;160 - 450;20,616
Uni Regensburg;Physics;2.1;820;148,638;21.7;164 - 461;20,792
Uni Rostock;Physics;1.5;500;207,513;7.2;190 - 440;13,815
Uni des Saarlandes/Saarbrücken;Physics;;310;179,709;17.5;206 - 301;16,441
Uni Siegen;Physics;;260;101,863;19.8;188 - 435;19,457
Uni Stuttgart;Physics;2;420;628,032;10;235 - 600;26,207
Uni Tübingen;Physics;1.8;650;88,347;30.9;167 - 393;27,318
Uni Ulm;Physics;2.4;300;123,953;11.8;215 - 405;10,461
Uni Würzburg;Physics;2;630;126,010;27.6;196 - 360;27,987
Uni Wuppertal;Physics;;680;352,390;6.5;190 - 326;21,933
Uni Augsburg;Law;;2,700;289,584;9.2;190 - 362;20,035
Uni Bayreuth;Law;1.4;1,810;73,065;17.8;128 - 332;12,964
FU Berlin;Law;2.6;2,730;3,574,830;5.3;125 - 380;36,771
HU Berlin;Law;;3,260;3,574,830;5.3;125 - 380;34,963
Uni Bielefeld;Law;2.5;4,110;333,451;11.4;172 - 355;25,074
Uni Bochum;Law;2.4;4,260;364,920;15.9;200 - 500;43,059
Uni Bonn;Law;2;4,710;322,125;12.4;172 - 633;37,515
Uni Bremen;Law;2.5;1,460;565,719;6.2;198 - 288;19,224
Uni Düsseldorf;Law;1.7;1,980;613,230;9.3;206 - 381;35,343
EBS Universität/Wiesbaden (priv.);Law;1.4;350;277,619;4.3;203 - 431;436
Uni Erl.-Nürnb./Erlangen;Law;2.4;2,930;110,238;26.3;151 -319;29,025
Uni Frankfurt a.M.;Law;;4,600;736,414;9.8;203 - 431;47,134
Europa-Uni Frankfurt O.;Law;1.7;2,170;58,193;11.4;158 - 385;6,610
Uni Freiburg;Law;2;2,440;227,590;14.4;196 - 412;24,488
Uni Gießen;Law;1.9;2,190;86,543;46.3;165 - 444;28,575
Uni Göttingen;Law;1.8;3,030;119,177;29.9;123 - 353;30,872
Uni Greifswald;Law;2.4;1,570;57,985;17.7;164 - 540;10,246
FernUni Hagen;Law;;7,320;188,266;38.1;181 - 250;67,983
Uni Halle-Wittenberg;Law;1.6;2,340;238,005;8.9;184 - 294;20,158
Bucerius LS Hamburg (priv.);Law;1.2;690;1,810,438;6;233 - 415;853
Uni Hamburg;Law;;4,140;1,810,438;6;233 - 415;42,853
Uni Hannover;Law;2;2,390;532,864;9.3;154 - 395;28,613
Uni Heidelberg;Law;2.6;2,710;159,914;22;165 - 363;26,980
Uni Jena;Law;1.9;1,540;110,321;19.8;103 - 348;17,335
Uni Kiel;Law;2.3;2,060;247,441;14.1;150 - 521;26,528
Uni Köln;Law;;5,190;1,075,935;9.5;139 - 368;53,175
Uni Konstanz;Law;2;1,760;83,789;19.3;228 - 420;11,078
Uni Leipzig;Law;;2,450;571,088;6.8;138 - 425;28,797
Uni Mainz;Law;;3,040;213,528;18.2;258 - 412;30,315
Uni Mannheim;Law;1.6;1,460;304,781;9.3;190 - 410;12,012
Uni Marburg;Law;2.2;2,360;74,675;34.5;151 - 320;25,541
LMU München;Law;;4,460;1,464,301;7.5;181 - 458;50,527
Uni Münster;Law;1.8;6,120;311,846;19.3;174 - 606;44,755
Uni Osnabrück;Law;2.1;2,150;164,070;15.6;154 - 401;14,067
Uni Passau;Law;1.5;2,330;51,074;24.9;164 - 461;12,742
Uni Potsdam;Law;2.1;4,660;171,810;14.3;160 - 450;20,616
Uni Regensburg;Law;;2,500;148,638;21.7;164 - 461;20,792
Uni des Saarlandes/Saarbrücken;Law;2;2,550;179,709;17.5;206 - 301;16,441
Uni Trier;Law;;2,230;110,111;16.5;175 - 310;12,714
Uni Tübingen;Law;2.6;2,650;88,347;30.9;167 - 393;27,318
Uni Würzburg;Law;2.2;3,600;126,010;27.6;196 - 360;27,987
RWTH Aachen;Architecture;2;1,660;244,951;23.5;187 - 577;45,404
Alanus HS/Alfter (priv.);Architecture;1.7;110;23,531;6.8;;1,589
TU Berlin;Architecture;2.8;1,540;3,574,830;5.3;125 - 380;34,718
UdK Berlin;Architecture;1.7;330;3,574,830;5.3;125 - 380;3,838
TU Braunschweig;Architecture;2.2;1,200;248,667;8.5;156 - 620;20,116
BTU Cottbus-Senftenberg/Cottbus;Architecture;2.2;780;100,416;6.2;158 - 385;6,212
TU Darmstadt;Architecture;3.1;1,350;157,437;29.3;190 - 547;25,840
TU Dortmund;Architecture;;960;585,813;9.3;181 - 250;33,952
TU Dresden;Architecture;3.4;740;547,172;7.2;107 - 370;29,728
HCU Hamburg;Architecture;3.2;630;1,810,438;6;233 - 415;2,325
Uni Hannover;Architecture;2.1;790;532,864;9.3;154 - 395;28,613
TU Kaiserslautern;Architecture;2.2;550;99,302;17.5;140 - 395;14,668
Karlsruher Inst. f. Technologie KIT;Architecture;2.1;840;309,999;13.4;157 - 362;24,814
Uni Kassel;Architecture;;870;199,062;15.3;173 - 420;24,140
TU München;Architecture;1.8;1,490;1,464,301;7.5;181 - 458;19,082
Uni Siegen;Architecture;;630;101,863;19.8;188 - 435;19,457
ABK Stuttgart;Architecture;1.7;150;628,032;10;235 - 600;881
Uni Stuttgart;Architecture;1.9;1,240;628,032;10;235 - 600;26,207
Uni Weimar;Architecture;1.9;680;64,355;7.1;103 - 348;3,743
Uni Wuppertal;Architecture;2.1;460;352,390;6.5;190 - 326;21,933
RWTH Aachen;Industrial Engineering;2;570;244,951;23.5;187 - 577;45,404
Uni Augsburg;Industrial Engineering;1.8;700;289,584;9.2;190 - 362;20,035
Uni Bayreuth;Industrial Engineering;1.5;430;73,065;17.8;128 - 332;12,964
Steinbeis HS Berlin (priv.);Industrial Engineering;;130;3,574,830;5.3;125 - 380;7,619
TU Berlin;Industrial Engineering;2.3;2,810;3,574,830;5.3;125 - 380;34,718
TU Braunschweig;Industrial Engineering;2;450;248,667;8.5;156 - 620;20,116
Jacobs Univ. Bremen (priv.);Industrial Engineering;1.9;80;565,719;6.2;198 - 288;1,325
Uni Bremen;Industrial Engineering;;750;565,719;6.2;198 - 288;19,224
TU Chemnitz;Industrial Engineering;;360;246,353;4.3;157 - 260;10,482
TU Clausthal;Industrial Engineering;1.7;820;15,523;28.5;156 - 620;4,423
BTU Cottbus-Senftenberg/Cottbus;Industrial Engineering;1.8;480;100,416;6.2;158 - 385;6,212
TU Darmstadt;Industrial Engineering;2.2;2,440;157,437;29.3;190 - 547;25,840
TU Dortmund;Industrial Engineering;;2,740;585,813;9.3;181 - 250;33,952
TU Dresden;Industrial Engineering;1.6;690;547,172;7.2;107 - 370;29,728
Uni Duisburg-Essen/Duisb.;Industrial Engineering;1.5;1,690;499,845;;238 - 450;42,910
Uni Erl.-Nürnb./Erlangen;Industrial Engineering;;1,820;110,238;26.3;151 -319;29,025
Europa-Uni Flensburg;Industrial Engineering;;;87,432;11;150 - 521;5,697
TU Bergakademie Freiberg;Industrial Engineering;;260;41,642;9.9;170 - 380;4,113
TU Hamburg;Industrial Engineering;;750;1,810,438;6;233 - 415;7,774
Uni Hamburg;Industrial Engineering;;760;1,810,438;6;233 - 415;42,853
Uni BW Hamburg;Industrial Engineering;;120;1,810,438;6;233 - 415;2,667
Uni Hannover;Industrial Engineering;2.1;880;532,864;9.3;154 - 395;28,613
TU Ilmenau;Industrial Engineering;1.7;670;36,666;15.8;103 - 348;5,807
TU Kaiserslautern;Industrial Engineering;2.1;1,310;99,302;17.5;140 - 395;14,668
Karlsruher Inst. f. Technologie KIT;Industrial Engineering;1.5;3,120;309,999;13.4;157 - 362;24,814
Uni Kassel;Industrial Engineering;2.3;920;199,062;15.3;173 - 420;24,140
Uni Kiel;Industrial Engineering;;430;247,441;14.1;150 - 521;26,528
Uni Lüneburg;Industrial Engineering;;10;74,494;13.1;156 - 620;9,900
Uni Magdeburg;Industrial Engineering;;90;238,136;7.5;154 - 299;13,840
Uni Paderborn;Industrial Engineering;;1,250;148,677;14.8;215 - 600;20,265
Uni Rostock;Industrial Engineering;;250;207,513;7.2;190 - 440;13,815
Uni Siegen;Industrial Engineering;;830;101,863;19.8;188 - 435;19,457
Uni Weimar;Industrial Engineering;;670;64,355;7.1;103 - 348;3,743
Uni Wuppertal;Industrial Engineering;2.5;460;352,390;6.5;190 - 326;21,933
Uni Bayreuth;Mechatronics;;60;73,065;17.8;128 - 332;12,964
TU Braunschweig;Mechatronics;;180;248,667;8.5;156 - 620;20,116
Uni Bremen;Mechatronics;;270;565,719;6.2;198 - 288;19,224
TU Chemnitz;Mechatronics;;120;246,353;4.3;157 - 260;10,482
TU Darmstadt;Mechatronics;1.9;520;157,437;29.3;190 - 547;25,840
TU Dresden;Mechatronics;1.9;370;547,172;7.2;107 - 370;29,728
Uni Erl.-Nürnb./Erlangen;Mechatronics;;690;110,238;26.3;151 -319;29,025
TU Hamburg;Mechatronics;;450;1,810,438;6;233 - 415;7,774
Uni BW Hamburg;Mechatronics;;20;1,810,438;6;233 - 415;2,667
Uni Hannover;Mechatronics;;300;532,864;9.3;154 - 395;28,613
TU Ilmenau;Mechatronics;;230;36,666;15.8;103 - 348;5,807
Karlsruher Inst. f. Technologie KIT;Mechatronics;1.8;840;309,999;13.4;157 - 362;24,814
Uni Kassel;Mechatronics;;240;199,062;15.3;173 - 420;24,140
Uni Magdeburg;Mechatronics;;90;238,136;7.5;154 - 299;13,840
TU München/Garching;Mechatronics;;120;17,099;94;181 - 458;16,079
Uni Rostock;Mechatronics;;90;207,513;7.2;190 - 440;13,815
Uni des Saarlandes/Saarbrücken;Mechatronics;;230;179,709;17.5;206 - 301;16,441
Uni Siegen;Mechatronics;;190;101,863;19.8;188 - 435;19,457
Uni Stuttgart;Mechatronics;;370;628,032;10;235 - 600;26,207
FU Berlin;Pharmacy;;720;3,574,830;5.3;125 - 380;36,771
Uni Bonn;Pharmacy;2.8;1,400;322,125;12.4;172 - 633;37,515
TU Braunschweig;Pharmacy;1.7;760;248,667;8.5;156 - 620;20,116
Uni Düsseldorf;Pharmacy;2.6;930;613,230;9.3;206 - 381;35,343
Uni Erl.-Nürnb./Erlangen;Pharmacy;2.3;640;110,238;26.3;151 -319;29,025
Uni Frankfurt a.M.;Pharmacy;2.2;820;736,414;9.8;203 - 431;47,134
Uni Freiburg;Pharmacy;2.4;690;227,590;14.4;196 - 412;24,488
Uni Greifswald;Pharmacy;1.7;510;57,985;17.7;164 - 540;10,246
Uni Halle-Wittenberg;Pharmacy;;950;238,005;8.9;184 - 294;20,158
Uni Hamburg;Pharmacy;;330;1,810,438;6;233 - 415;42,853
Uni Heidelberg;Pharmacy;2;740;159,914;22;165 - 363;26,980
Uni Jena;Pharmacy;2.7;330;110,321;19.8;103 - 348;17,335
Uni Kiel;Pharmacy;2.1;550;247,441;14.1;150 - 521;26,528
Uni Leipzig;Pharmacy;;210;571,088;6.8;138 - 425;28,797
Uni Mainz;Pharmacy;2.9;590;213,528;18.2;258 - 412;30,315
Uni Marburg;Pharmacy;2.4;1,290;74,675;34.5;151 - 320;25,541
LMU München;Pharmacy;;960;1,464,301;7.5;181 - 458;50,527
Uni Münster;Pharmacy;2.2;880;311,846;19.3;174 - 606;44,755
Uni Regensburg;Pharmacy;3.2;610;148,638;21.7;164 - 461;20,792
Uni des Saarlandes/Saarbrücken;Pharmacy;2.4;360;179,709;17.5;206 - 301;16,441
Uni Tübingen;Pharmacy;2.6;850;88,347;30.9;167 - 393;27,318
Uni Würzburg;Pharmacy;2.3;440;126,010;27.6;196 - 360;27,987
RWTH Aachen;Chemistry;2.1;1,400;244,951;23.5;187 - 577;45,404
Uni Bayreuth;Chemistry;2.1;830;73,065;17.8;128 - 332;12,964
FU Berlin;Chemistry;2.3;820;3,574,830;5.3;125 - 380;36,771
HU Berlin;Chemistry;;980;3,574,830;5.3;125 - 380;34,963
TU Berlin;Chemistry;;970;3,574,830;5.3;125 - 380;34,718
Uni Bielefeld;Chemistry;;850;333,451;11.4;172 - 355;25,074
Uni Bochum;Chemistry;2;940;364,920;15.9;200 - 500;43,059
Uni Bonn;Chemistry;2.3;1,070;322,125;12.4;172 - 633;37,515
TU Braunschweig;Chemistry;2.4;490;248,667;8.5;156 - 620;20,116
Jacobs Univ. Bremen (priv.);Chemistry;;70;565,719;6.2;198 - 288;1,325
Uni Bremen;Chemistry;;270;565,719;6.2;198 - 288;19,224
TU Chemnitz;Chemistry;;280;246,353;4.3;157 - 260;10,482
TU Clausthal;Chemistry;2;230;15,523;28.5;156 - 620;4,423
TU Darmstadt;Chemistry;2;760;157,437;29.3;190 - 547;25,840
TU Dortmund;Chemistry;2.5;1,060;585,813;9.3;181 - 250;33,952
TU Dresden;Chemistry;1.8;900;547,172;7.2;107 - 370;29,728
Uni Düsseldorf;Chemistry;2.2;1,420;613,230;9.3;206 - 381;35,343
Uni Duisburg-Essen/Essen;Chemistry;2.1;1,250;583,084;;238 - 450;42,910
Uni Erl.-Nürnb./Erlangen;Chemistry;2.5;810;110,238;26.3;151 -319;29,025
Europa-Uni Flensburg;Chemistry;;0;87,432;11;150 - 521;5,697
Uni Frankfurt a.M.;Chemistry;2.1;1,090;736,414;9.8;203 - 431;47,134
TU Bergakademie Freiberg;Chemistry;;240;41,642;9.9;170 - 380;4,113
Uni Freiburg;Chemistry;2.3;700;227,590;14.4;196 - 412;24,488
Uni Gießen;Chemistry;1.6;370;86,543;46.3;165 - 444;28,575
Uni Göttingen;Chemistry;1.9;810;119,177;29.9;123 - 353;30,872
Uni Halle-Wittenberg;Chemistry;2.1;390;238,005;8.9;184 - 294;20,158
Uni Hamburg;Chemistry;;1,130;1,810,438;6;233 - 415;42,853
Uni Hannover;Chemistry;2.4;1,180;532,864;9.3;154 - 395;28,613
Uni Heidelberg;Chemistry;2.5;700;159,914;22;165 - 363;26,980
Uni Hildesheim;Chemistry;;70;101,687;11.3;156 - 620;8,056
TU Ilmenau;Chemistry;;80;36,666;15.8;103 - 348;5,807
Uni Jena;Chemistry;2.3;340;110,321;19.8;103 - 348;17,335
TU Kaiserslautern;Chemistry;2.3;480;99,302;17.5;140 - 395;14,668
Karlsruher Inst. f. Technologie KIT;Chemistry;2.1;730;309,999;13.4;157 - 362;24,814
Uni Kiel;Chemistry;;660;247,441;14.1;150 - 521;26,528
Uni Kobl.-Land./Landau;Chemistry;;80;46,006;18.2;155 - 300;8,367
Uni Köln;Chemistry;;1,270;1,075,935;9.5;139 - 368;53,175
Uni Konstanz;Chemistry;1.9;720;83,789;19.3;228 - 420;11,078
Uni Leipzig;Chemistry;;820;571,088;6.8;138 - 425;28,797
Uni Lüneburg;Chemistry;;30;74,494;13.1;156 - 620;9,900
Uni Mainz;Chemistry;3.5;1,470;213,528;18.2;258 - 412;30,315
Uni Marburg;Chemistry;;850;74,675;34.5;151 - 320;25,541
LMU München;Chemistry;1.9;920;1,464,301;7.5;181 - 458;50,527
TU München/Garching;Chemistry;2.2;2,030;17,099;94;181 - 458;16,079
Uni Münster;Chemistry;2.4;1,400;311,846;19.3;174 - 606;44,755
Uni Oldenburg;Chemistry;;560;165,711;10.5;126 - 389;15,218
Uni Osnabrück;Chemistry;;150;164,070;15.6;154 - 401;14,067
Uni Paderborn;Chemistry;1.8;460;148,677;14.8;215 - 600;20,265
Uni Potsdam;Chemistry;1.8;410;171,810;14.3;160 - 450;20,616
Uni Regensburg;Chemistry;;560;148,638;21.7;164 - 461;20,792
Uni Rostock;Chemistry;1.8;460;207,513;7.2;190 - 440;13,815
Uni des Saarlandes/Saarbrücken;Chemistry;2.1;270;179,709;17.5;206 - 301;16,441
Uni Siegen;Chemistry;;310;101,863;19.8;188 - 435;19,457
Uni Stuttgart;Chemistry;;600;628,032;10;235 - 600;26,207
Uni Tübingen;Chemistry;2.1;620;88,347;30.9;167 - 393;27,318
Uni Ulm;Chemistry;;640;123,953;11.8;215 - 405;10,461
Uni Würzburg;Chemistry;2.2;1,320;126,010;27.6;196 - 360;27,987
Uni Wuppertal;Chemistry;1.8;810;352,390;6.5;190 - 326;21,933
RWTH Aachen;Business Administration;1.7;1,970;244,951;23.5;187 - 577;45,404
Alanus HS/Alfter (priv.);Business Administration;1.5;170;23,531;6.8;;1,589
Uni Augsburg;Business Administration;1.8;3,370;289,584;9.2;190 - 362;20,035
Uni Bamberg;Business Administration;1.8;2,570;75,743;17.1;196 - 360;12,663
Uni Bayreuth;Business Administration;1.6;3,050;73,065;17.8;128 - 332;12,964
ESCP Europe Berlin (priv.);Business Administration;;710;3,574,830;5.3;125 - 380;550
ESMT Berlin;Business Administration;;280;3,574,830;5.3;125 - 380;332
FU Berlin;Business Administration;;1,340;3,574,830;5.3;125 - 380;36,771
HU Berlin;Business Administration;;1,010;3,574,830;5.3;125 - 380;34,963
Steinbeis HS Berlin (priv.);Business Administration;;5,140;3,574,830;5.3;125 - 380;7,619
TU Berlin;Business Administration;2.8;340;3,574,830;5.3;125 - 380;34,718
Uni Bremen;Business Administration;2;2,010;565,719;6.2;198 - 288;19,224
TU Clausthal;Business Administration;2.5;920;15,523;28.5;156 - 620;4,423
BTU Cottbus-Senftenberg/Cottbus;Business Administration;;830;100,416;6.2;158 - 385;6,212
Uni Düsseldorf;Business Administration;1.7;1,130;613,230;9.3;206 - 381;35,343
Uni Duisburg-Essen/Duisb.;Business Administration;2;3,080;499,845;;238 - 450;42,910
Uni Duisburg-Essen/Essen;Business Administration;2.3;2,470;583,084;;238 - 450;42,910
EBS Universität/Oestrich-Winkel (priv.);Business Administration;1.4;1,770;11,738;14.2;;1,663
Katholische Universität - WFI/Ingolstadt;Business Administration;1.5;1,030;133,639;4.8;151 -319;979
Europa-Uni Flensburg;Business Administration;2.7;850;87,432;11;150 - 521;5,697
Frankfurt School (priv.);Business Administration;1.5;1,930;736,414;9.8;203 - 431;2,326
Europa-Uni Frankfurt O.;Business Administration;1.5;1,870;58,193;11.4;158 - 385;6,610
TU Bergakademie Freiberg;Business Administration;;730;41,642;9.9;170 - 380;4,113
Uni Freiburg;Business Administration;;310;227,590;14.4;196 - 412;24,488
Uni Göttingen;Business Administration;1.4;2,610;119,177;29.9;123 - 353;30,872
Uni Greifswald;Business Administration;1.7;940;57,985;17.7;164 - 540;10,246
Uni Halle-Wittenberg;Business Administration;2.2;2,270;238,005;8.9;184 - 294;20,158
KLU Hamburg (priv.);Business Administration;1.5;270;1,810,438;6;233 - 415;252
TU Hamburg;Business Administration;;70;1,810,438;6;233 - 415;7,774
Uni Hamburg;Business Administration;;2,140;1,810,438;6;233 - 415;42,853
Uni BW Hamburg;Business Administration;;500;1,810,438;6;233 - 415;2,667
TU Ilmenau;Business Administration;;540;36,666;15.8;103 - 348;5,807
TU Kaiserslautern;Business Administration;2.5;690;99,302;17.5;140 - 395;14,668
Uni Kiel;Business Administration;2.3;1,230;247,441;14.1;150 - 521;26,528
Uni Köln;Business Administration;;3,610;1,075,935;9.5;139 - 368;53,175
HHL Leipzig (priv.);Business Administration;;670;571,088;6.8;138 - 425;669
Uni Lüneburg;Business Administration;;1,410;74,494;13.1;156 - 620;9,900
Uni Magdeburg;Business Administration;2.1;2,170;238,136;7.5;154 - 299;13,840
Uni Mannheim;Business Administration;1.5;2,420;304,781;9.3;190 - 410;12,012
Uni Marburg;Business Administration;2;1,470;74,675;34.5;151 - 320;25,541
LMU München;Business Administration;1.8;2,400;1,464,301;7.5;181 - 458;50,527
TU München;Business Administration;1.5;4,700;1,464,301;7.5;181 - 458;19,082
Uni Münster;Business Administration;2.2;3,090;311,846;19.3;174 - 606;44,755
Uni Passau;Business Administration;1.7;1,510;51,074;24.9;164 - 461;12,742
Uni Potsdam;Business Administration;;1,170;171,810;14.3;160 - 450;20,616
Uni Regensburg;Business Administration;;1,590;148,638;21.7;164 - 461;20,792
Uni des Saarlandes/Saarbrücken;Business Administration;2.6;2,150;179,709;17.5;206 - 301;16,441
Uni Siegen;Business Administration;2.3;3,340;101,863;19.8;188 - 435;19,457
Uni Stuttgart;Business Administration;1.5;1,010;628,032;10;235 - 600;26,207
Uni Trier;Business Administration;;1,360;110,111;16.5;175 - 310;12,714
WHU Vallendar (priv.);Business Administration;1.2;1,180;8,443;18.8;;1,191
Uni Witten/Herdecke (priv.);Business Administration;;230;96,781;2.5;;2,427
Uni Bielefeld;Economic Sciences;2.3;1,790;333,451;11.4;172 - 355;25,074
Uni Bochum;Economic Sciences;2.2;3,770;364,920;15.9;200 - 500;43,059
Jacobs Univ. Bremen (priv.);Economic Sciences;;110;565,719;6.2;198 - 288;1,325
TU Chemnitz;Economic Sciences;;1,490;246,353;4.3;157 - 260;10,482
TU Dortmund;Economic Sciences;2.3;2,960;585,813;9.3;181 - 250;33,952
TU Dresden;Economic Sciences;;1,330;547,172;7.2;107 - 370;29,728
Uni Erl.-Nürnb./Nürnberg;Economic Sciences;2.4;4,600;511,628;5.1;151 -319;9,644
Frankfurt School (priv.);Economic Sciences;1.7;150;736,414;9.8;203 - 431;2,326
Uni Frankfurt a.M.;Economic Sciences;1.8;6,100;736,414;9.8;203 - 431;47,134
Uni Gießen;Economic Sciences;2.2;3,640;86,543;46.3;165 - 444;28,575
FernUni Hagen;Economic Sciences;;19,160;188,266;38.1;181 - 250;67,983
Uni Hannover;Economic Sciences;2.4;2,700;532,864;9.3;154 - 395;28,613
Uni Hohenheim;Economic Sciences;2.1;4,200;628,032;10;235 - 600;9,253
Uni Jena;Economic Sciences;1.8;2,220;110,321;19.8;103 - 348;17,335
Uni Kassel;Economic Sciences;2.6;2,130;199,062;15.3;173 - 420;24,140
Uni Konstanz;Economic Sciences;2;1,940;83,789;19.3;228 - 420;11,078
Uni Leipzig;Economic Sciences;;940;571,088;6.8;138 - 425;28,797
Uni Mainz;Economic Sciences;1.6;3,310;213,528;18.2;258 - 412;30,315
Uni BW München;Economic Sciences;;420;1,464,301;7.5;181 - 458;3,260
Uni Oldenburg;Economic Sciences;2.4;2,330;165,711;10.5;126 - 389;15,218
Uni Osnabrück;Economic Sciences;2.7;1,540;164,070;15.6;154 - 401;14,067
Uni Paderborn;Economic Sciences;1.8;3,400;148,677;14.8;215 - 600;20,265
Uni Rostock;Economic Sciences;2.6;950;207,513;7.2;190 - 440;13,815
Uni Tübingen;Economic Sciences;1.8;1,820;88,347;30.9;167 - 393;27,318
Uni Ulm;Economic Sciences;1.9;1,150;123,953;11.8;215 - 405;10,461
Uni Würzburg;Economic Sciences;2.2;3,030;126,010;27.6;196 - 360;27,987
Uni Wuppertal;Economic Sciences;1.9;2,800;352,390;6.5;190 - 326;21,933
Zeppelin Univ./Friedrichshafen (priv.);Economic Sciences;1.2;370;59,611;3.8;228 - 420;1,020
RWTH Aachen;Political Science;;750;244,951;23.5;187 - 577;45,404
Uni Augsburg;Political Science;;830;289,584;9.2;190 - 362;20,035
Uni Bamberg;Political Science;2;800;75,743;17.1;196 - 360;12,663
FU Berlin;Political Science;2.2;1,800;3,574,830;5.3;125 - 380;36,771
HU Berlin;Political Science;2.5;1,620;3,574,830;5.3;125 - 380;34,963
Uni Bielefeld;Political Science;2.2;440;333,451;11.4;172 - 355;25,074
Uni Bochum;Political Science;;2,060;364,920;15.9;200 - 500;43,059
Uni Bonn;Political Science;2.3;1,050;322,125;12.4;172 - 633;37,515
TU Braunschweig;Political Science;;530;248,667;8.5;156 - 620;20,116
Jacobs Univ. Bremen (priv.);Political Science;1.6;120;565,719;6.2;198 - 288;1,325
Uni Bremen;Political Science;;700;565,719;6.2;198 - 288;19,224
TU Chemnitz;Political Science;;200;246,353;4.3;157 - 260;10,482
TU Darmstadt;Political Science;2;1,040;157,437;29.3;190 - 547;25,840
TU Dresden;Political Science;2.9;320;547,172;7.2;107 - 370;29,728
Uni Düsseldorf;Political Science;2.3;980;613,230;9.3;206 - 381;35,343
Uni Duisburg-Essen/Duisb.;Political Science;2.1;1,690;499,845;;238 - 450;42,910
Katholische Universität/Eichstätt;Political Science;1.7;330;13,457;30.9;;4,153
Uni Erfurt;Political Science;2.1;840;211,113;4.7;103 - 348;5,785
Uni Erl.-Nürnb./Erlangen;Political Science;2.6;500;110,238;26.3;151 -319;29,025
Europa-Uni Flensburg;Political Science;;;87,432;11;150 - 521;5,697
Uni Frankfurt a.M.;Political Science;2.2;1,760;736,414;9.8;203 - 431;47,134
Uni Freiburg;Political Science;2;370;227,590;14.4;196 - 412;24,488
Uni Gießen;Political Science;;660;86,543;46.3;165 - 444;28,575
Uni Göttingen;Political Science;2;1,650;119,177;29.9;123 - 353;30,872
Uni Greifswald;Political Science;2.2;270;57,985;17.7;164 - 540;10,246
Uni Halle-Wittenberg;Political Science;2.3;620;238,005;8.9;184 - 294;20,158
Uni Hamburg;Political Science;;940;1,810,438;6;233 - 415;42,853
Uni BW Hamburg;Political Science;;250;1,810,438;6;233 - 415;2,667
Uni Hannover;Political Science;2.9;1,400;532,864;9.3;154 - 395;28,613
Uni Heidelberg;Political Science;2.1;640;159,914;22;165 - 363;26,980
Uni Hildesheim;Political Science;;40;101,687;11.3;156 - 620;8,056
Uni Jena;Political Science;1.9;420;110,321;19.8;103 - 348;17,335
Uni Kassel;Political Science;;850;199,062;15.3;173 - 420;24,140
Uni Kiel;Political Science;2.5;930;247,441;14.1;150 - 521;26,528
Uni Kobl.-Land./Landau;Political Science;;90;46,006;18.2;155 - 300;8,367
Uni Köln;Political Science;;1,940;1,075,935;9.5;139 - 368;53,175
Uni Konstanz;Political Science;1.8;1,140;83,789;19.3;228 - 420;11,078
Uni Leipzig;Political Science;;600;571,088;6.8;138 - 425;28,797
Uni Lüneburg;Political Science;;230;74,494;13.1;156 - 620;9,900
Uni Magdeburg;Political Science;2.8;920;238,136;7.5;154 - 299;13,840
Uni Mainz;Political Science;2.2;740;213,528;18.2;258 - 412;30,315
Uni Mannheim;Political Science;2;530;304,781;9.3;190 - 410;12,012
Uni Marburg;Political Science;2.7;820;74,675;34.5;151 - 320;25,541
LMU München;Political Science;;770;1,464,301;7.5;181 - 458;50,527
TU München;Political Science;;190;1,464,301;7.5;181 - 458;19,082
Uni Münster;Political Science;2.3;1,180;311,846;19.3;174 - 606;44,755
Uni Oldenburg;Political Science;;1,050;165,711;10.5;126 - 389;15,218
Uni Osnabrück;Political Science;;850;164,070;15.6;154 - 401;14,067
Uni Passau;Political Science;2.4;940;51,074;24.9;164 - 461;12,742
Uni Potsdam;Political Science;2.3;1,290;171,810;14.3;160 - 450;20,616
Uni Regensburg;Political Science;2.4;990;148,638;21.7;164 - 461;20,792
Uni Rostock;Political Science;2.2;230;207,513;7.2;190 - 440;13,815
Uni Siegen;Political Science;;820;101,863;19.8;188 - 435;19,457
Uni Stuttgart;Political Science;;560;628,032;10;235 - 600;26,207
Uni Trier;Political Science;2;480;110,111;16.5;175 - 310;12,714
Uni Tübingen;Political Science;1.9;590;88,347;30.9;167 - 393;27,318
Uni Würzburg;Political Science;;1,120;126,010;27.6;196 - 360;27,987
Uni Wuppertal;Political Science;;440;352,390;6.5;190 - 326;21,933
Zeppelin Univ./Friedrichshafen (priv.);Political Science;1.5;180;59,611;3.8;228 - 420;1,020
RWTH Aachen;German Language and Literature;;900;244,951;23.5;187 - 577;45,404
Uni Augsburg;German Language and Literature;;1,100;289,584;9.2;190 - 362;20,035
Uni Bamberg;German Language and Literature;1.8;410;75,743;17.1;196 - 360;12,663
Uni Bayreuth;German Language and Literature;;530;73,065;17.8;128 - 332;12,964
FU Berlin;German Language and Literature;2.5;680;3,574,830;5.3;125 - 380;36,771
HU Berlin;German Language and Literature;;540;3,574,830;5.3;125 - 380;34,963
Uni Bielefeld;German Language and Literature;;640;333,451;11.4;172 - 355;25,074
Uni Bochum;German Language and Literature;2.5;1,500;364,920;15.9;200 - 500;43,059
Uni Bonn;German Language and Literature;;1,110;322,125;12.4;172 - 633;37,515
TU Braunschweig;German Language and Literature;;990;248,667;8.5;156 - 620;20,116
Uni Bremen;German Language and Literature;;230;565,719;6.2;198 - 288;19,224
TU Chemnitz;German Language and Literature;;400;246,353;4.3;157 - 260;10,482
TU Darmstadt;German Language and Literature;3.1;420;157,437;29.3;190 - 547;25,840
TU Dortmund;German Language and Literature;;;585,813;9.3;181 - 250;33,952
TU Dresden;German Language and Literature;;80;547,172;7.2;107 - 370;29,728
Uni Düsseldorf;German Language and Literature;2.4;1,610;613,230;9.3;206 - 381;35,343
Uni Duisburg-Essen/Essen;German Language and Literature;3;1,230;583,084;;238 - 450;42,910
Katholische Universität/Eichstätt;German Language and Literature;;380;13,457;30.9;;4,153
Uni Erfurt;German Language and Literature;;170;211,113;4.7;103 - 348;5,785
Uni Erl.-Nürnb./Nürnberg;German Language and Literature;;0;511,628;5.1;151 -319;9,644
Uni Erl.-Nürnb./Erlangen;German Language and Literature;;260;110,238;26.3;151 -319;29,025
Europa-Uni Flensburg;German Language and Literature;;980;87,432;11;150 - 521;5,697
Uni Frankfurt a.M.;German Language and Literature;;1,210;736,414;9.8;203 - 431;47,134
Europa-Uni Frankfurt O.;German Language and Literature;;70;58,193;11.4;158 - 385;6,610
Uni Freiburg;German Language and Literature;2.1;420;227,590;14.4;196 - 412;24,488
Uni Gießen;German Language and Literature;;560;86,543;46.3;165 - 444;28,575
Uni Göttingen;German Language and Literature;;910;119,177;29.9;123 - 353;30,872
Uni Greifswald;German Language and Literature;;190;57,985;17.7;164 - 540;10,246
Uni Halle-Wittenberg;German Language and Literature;;260;238,005;8.9;184 - 294;20,158
Uni Hamburg;German Language and Literature;;640;1,810,438;6;233 - 415;42,853
Uni Hannover;German Language and Literature;;640;532,864;9.3;154 - 395;28,613
Uni Heidelberg;German Language and Literature;2.3;250;159,914;22;165 - 363;26,980
Uni Jena;German Language and Literature;2.2;850;110,321;19.8;103 - 348;17,335
Karlsruher Inst. f. Technologie KIT;German Language and Literature;;230;309,999;13.4;157 - 362;24,814
Uni Kassel;German Language and Literature;;550;199,062;15.3;173 - 420;24,140
Uni Kiel;German Language and Literature;2.7;700;247,441;14.1;150 - 521;26,528
Uni Kobl.-Land./Koblenz;German Language and Literature;;50;113,605;13.4;240 - 330;8,614
Uni Kobl.-Land./Landau;German Language and Literature;;40;46,006;18.2;155 - 300;8,367
Uni Köln;German Language and Literature;;1,140;1,075,935;9.5;139 - 368;53,175
Uni Konstanz;German Language and Literature;2.1;310;83,789;19.3;228 - 420;11,078
Uni Leipzig;German Language and Literature;;890;571,088;6.8;138 - 425;28,797
Uni Lüneburg;German Language and Literature;;20;74,494;13.1;156 - 620;9,900
Uni Magdeburg;German Language and Literature;;180;238,136;7.5;154 - 299;13,840
Uni Mainz;German Language and Literature;2.5;670;213,528;18.2;258 - 412;30,315
Uni Mannheim;German Language and Literature;2.2;300;304,781;9.3;190 - 410;12,012
Uni Marburg;German Language and Literature;;1,030;74,675;34.5;151 - 320;25,541
LMU München;German Language and Literature;;1,410;1,464,301;7.5;181 - 458;50,527
Uni Münster;German Language and Literature;2.3;590;311,846;19.3;174 - 606;44,755
Uni Oldenburg;German Language and Literature;;740;165,711;10.5;126 - 389;15,218
Uni Osnabrück;German Language and Literature;;350;164,070;15.6;154 - 401;14,067
Uni Paderborn;German Language and Literature;;350;148,677;14.8;215 - 600;20,265
Uni Passau;German Language and Literature;;10;51,074;24.9;164 - 461;12,742
Uni Potsdam;German Language and Literature;;380;171,810;14.3;160 - 450;20,616
Uni Regensburg;German Language and Literature;;300;148,638;21.7;164 - 461;20,792
Uni Rostock;German Language and Literature;;300;207,513;7.2;190 - 440;13,815
Uni des Saarlandes/Saarbrücken;German Language and Literature;;530;179,709;17.5;206 - 301;16,441
Uni Siegen;German Language and Literature;;180;101,863;19.8;188 - 435;19,457
Uni Stuttgart;German Language and Literature;;220;628,032;10;235 - 600;26,207
Uni Trier;German Language and Literature;;690;110,111;16.5;175 - 310;12,714
Uni Tübingen;German Language and Literature;2.2;930;88,347;30.9;167 - 393;27,318
Uni Vechta;German Language and Literature;;550;32,179;17.2;154 - 401;5,333
Uni Würzburg;German Language and Literature;;540;126,010;27.6;196 - 360;27,987
Uni Wuppertal;German Language and Literature;;2,150;352,390;6.5;190 - 326;21,933
RWTH Aachen;English / North American Studies;;200;244,951;23.5;187 - 577;45,404
Uni Augsburg;English / North American Studies;;260;289,584;9.2;190 - 362;20,035
Uni Bamberg;English / North American Studies;2;470;75,743;17.1;196 - 360;12,663
Uni Bayreuth;English / North American Studies;;120;73,065;17.8;128 - 332;12,964
FU Berlin;English / North American Studies;;710;3,574,830;5.3;125 - 380;36,771
HU Berlin;English / North American Studies;;610;3,574,830;5.3;125 - 380;34,963
Uni Bielefeld;English / North American Studies;;580;333,451;11.4;172 - 355;25,074
Uni Bochum;English / North American Studies;2.5;1,030;364,920;15.9;200 - 500;43,059
Uni Bonn;English / North American Studies;;1,020;322,125;12.4;172 - 633;37,515
TU Braunschweig;English / North American Studies;2.5;530;248,667;8.5;156 - 620;20,116
Uni Bremen;English / North American Studies;;470;565,719;6.2;198 - 288;19,224
TU Chemnitz;English / North American Studies;;200;246,353;4.3;157 - 260;10,482
TU Dortmund;English / North American Studies;;30;585,813;9.3;181 - 250;33,952
TU Dresden;English / North American Studies;;60;547,172;7.2;107 - 370;29,728
Uni Düsseldorf;English / North American Studies;;1,390;613,230;9.3;206 - 381;35,343
Uni Duisburg-Essen/Essen;English / North American Studies;2.8;1,020;583,084;;238 - 450;42,910
Katholische Universität/Eichstätt;English / North American Studies;;160;13,457;30.9;;4,153
Uni Erfurt;English / North American Studies;;130;211,113;4.7;103 - 348;5,785
Uni Erl.-Nürnb./Erlangen;English / North American Studies;;210;110,238;26.3;151 -319;29,025
Europa-Uni Flensburg;English / North American Studies;;220;87,432;11;150 - 521;5,697
Uni Frankfurt a.M.;English / North American Studies;;630;736,414;9.8;203 - 431;47,134
Uni Freiburg;English / North American Studies;;470;227,590;14.4;196 - 412;24,488
Uni Gießen;English / North American Studies;2.5;590;86,543;46.3;165 - 444;28,575
Uni Göttingen;English / North American Studies;;720;119,177;29.9;123 - 353;30,872
Uni Greifswald;English / North American Studies;;80;57,985;17.7;164 - 540;10,246
Uni Halle-Wittenberg;English / North American Studies;2;90;238,005;8.9;184 - 294;20,158
Uni Hamburg;English / North American Studies;;510;1,810,438;6;233 - 415;42,853
Uni Hannover;English / North American Studies;;380;532,864;9.3;154 - 395;28,613
Uni Heidelberg;English / North American Studies;2.1;420;159,914;22;165 - 363;26,980
Uni Jena;English / North American Studies;2.1;180;110,321;19.8;103 - 348;17,335
Uni Kassel;English / North American Studies;;400;199,062;15.3;173 - 420;24,140
Uni Kiel;English / North American Studies;;220;247,441;14.1;150 - 521;26,528
Uni Kobl.-Land./Koblenz;English / North American Studies;;60;113,605;13.4;240 - 330;8,614
Uni Kobl.-Land./Landau;English / North American Studies;;40;46,006;18.2;155 - 300;8,367
Uni Köln;English / North American Studies;;810;1,075,935;9.5;139 - 368;53,175
Uni Konstanz;English / North American Studies;;210;83,789;19.3;228 - 420;11,078
Uni Leipzig;English / North American Studies;;520;571,088;6.8;138 - 425;28,797
Uni Lüneburg;English / North American Studies;;;74,494;13.1;156 - 620;9,900
Uni Mainz;English / North American Studies;;640;213,528;18.2;258 - 412;30,315
Uni Mannheim;English / North American Studies;1.9;490;304,781;9.3;190 - 410;12,012
Uni Marburg;English / North American Studies;;230;74,675;34.5;151 - 320;25,541
LMU München;English / North American Studies;;920;1,464,301;7.5;181 - 458;50,527
Uni Münster;English / North American Studies;;230;311,846;19.3;174 - 606;44,755
Uni Oldenburg;English / North American Studies;;640;165,711;10.5;126 - 389;15,218
Uni Osnabrück;English / North American Studies;;330;164,070;15.6;154 - 401;14,067
Uni Paderborn;English / North American Studies;;290;148,677;14.8;215 - 600;20,265
Uni Passau;English / North American Studies;;60;51,074;24.9;164 - 461;12,742
Uni Potsdam;English / North American Studies;;440;171,810;14.3;160 - 450;20,616
Uni Regensburg;English / North American Studies;;440;148,638;21.7;164 - 461;20,792
Uni Rostock;English / North American Studies;;150;207,513;7.2;190 - 440;13,815
Uni des Saarlandes/Saarbrücken;English / North American Studies;3.2;240;179,709;17.5;206 - 301;16,441
Uni Siegen;English / North American Studies;;520;101,863;19.8;188 - 435;19,457
Uni Stuttgart;English / North American Studies;;230;628,032;10;235 - 600;26,207
Uni Trier;English / North American Studies;;250;110,111;16.5;175 - 310;12,714
Uni Tübingen;English / North American Studies;2.5;670;88,347;30.9;167 - 393;27,318
Uni Vechta;English / North American Studies;;340;32,179;17.2;154 - 401;5,333
Uni Würzburg;English / North American Studies;;550;126,010;27.6;196 - 360;27,987
Uni Wuppertal;English / North American Studies;;650;352,390;6.5;190 - 326;21,933
RWTH Aachen;Psychology;;370;244,951;23.5;187 - 577;45,404
Uni Bamberg;Psychology;1.7;730;75,743;17.1;196 - 360;12,663
FU Berlin;Psychology;2.3;1,130;3,574,830;5.3;125 - 380;36,771
HU Berlin;Psychology;2.2;1,190;3,574,830;5.3;125 - 380;34,963
IPU Berlin (priv.);Psychology;1.6;570;3,574,830;5.3;125 - 380;579
MSB Berlin (priv.);Psychology;2.1;900;3,574,830;5.3;125 - 380;1,450
PHB Berlin (priv.);Psychology;;360;3,574,830;5.3;125 - 380;341
Uni Bielefeld;Psychology;2;880;333,451;11.4;172 - 355;25,074
Uni Bochum;Psychology;2.2;1,420;364,920;15.9;200 - 500;43,059
Uni Bonn;Psychology;;730;322,125;12.4;172 - 633;37,515
TU Braunschweig;Psychology;2;430;248,667;8.5;156 - 620;20,116
Jacobs Univ. Bremen (priv.);Psychology;;90;565,719;6.2;198 - 288;1,325
Uni Bremen;Psychology;;870;565,719;6.2;198 - 288;19,224
TU Chemnitz;Psychology;2.3;630;246,353;4.3;157 - 260;10,482
TU Darmstadt;Psychology;3;550;157,437;29.3;190 - 547;25,840
TU Dresden;Psychology;2;1,080;547,172;7.2;107 - 370;29,728
Uni Düsseldorf;Psychology;1.7;1,000;613,230;9.3;206 - 381;35,343
Uni Duisburg-Essen/Essen;Psychology;2;110;583,084;;238 - 450;42,910
Katholische Universität/Eichstätt;Psychology;2.2;290;13,457;30.9;;4,153
Uni Erfurt;Psychology;3;430;211,113;4.7;103 - 348;5,785
Uni Erl.-Nürnb./Erlangen;Psychology;2.2;720;110,238;26.3;151 -319;29,025
Uni Frankfurt a.M.;Psychology;;990;736,414;9.8;203 - 431;47,134
Uni Freiburg;Psychology;2.4;730;227,590;14.4;196 - 412;24,488
Uni Gießen;Psychology;2.1;880;86,543;46.3;165 - 444;28,575
Uni Göttingen;Psychology;2.1;640;119,177;29.9;123 - 353;30,872
Uni Greifswald;Psychology;1.7;410;57,985;17.7;164 - 540;10,246
FernUni Hagen;Psychology;;14,020;188,266;38.1;181 - 250;67,983
Uni Halle-Wittenberg;Psychology;2.2;310;238,005;8.9;184 - 294;20,158
MSH Medical School Hamburg (priv.);Psychology;2;1,550;1,810,438;6;233 - 415;3,280
Uni Hamburg;Psychology;;1,090;1,810,438;6;233 - 415;42,853
Uni BW Hamburg;Psychology;2.1;200;1,810,438;6;233 - 415;2,667
Uni Heidelberg;Psychology;1.9;880;159,914;22;165 - 363;26,980
Uni Hildesheim;Psychology;2.1;580;101,687;11.3;156 - 620;8,056
Uni Jena;Psychology;2.4;880;110,321;19.8;103 - 348;17,335
Uni Kassel;Psychology;2.5;700;199,062;15.3;173 - 420;24,140
Uni Kiel;Psychology;2.9;380;247,441;14.1;150 - 521;26,528
Uni Kobl.-Land./Landau;Psychology;2;1,030;46,006;18.2;155 - 300;8,367
Uni Köln;Psychology;;970;1,075,935;9.5;139 - 368;53,175
Uni Konstanz;Psychology;2.2;780;83,789;19.3;228 - 420;11,078
Uni Leipzig;Psychology;1.9;570;571,088;6.8;138 - 425;28,797
Uni Lübeck;Psychology;1.9;460;216,712;4.9;150 - 521;4,604
Uni Lüneburg;Psychology;;310;74,494;13.1;156 - 620;9,900
Uni Magdeburg;Psychology;2.7;480;238,136;7.5;154 - 299;13,840
Uni Mainz;Psychology;2.5;1,050;213,528;18.2;258 - 412;30,315
Uni Mannheim;Psychology;1.6;840;304,781;9.3;190 - 410;12,012
Uni Marburg;Psychology;1.8;1,020;74,675;34.5;151 - 320;25,541
LMU München;Psychology;2.5;810;1,464,301;7.5;181 - 458;50,527
Uni BW München;Psychology;;160;1,464,301;7.5;181 - 458;3,260
Uni Münster;Psychology;2.1;1,160;311,846;19.3;174 - 606;44,755
Uni Oldenburg;Psychology;;170;165,711;10.5;126 - 389;15,218
Uni Osnabrück;Psychology;2.2;770;164,070;15.6;154 - 401;14,067
Uni Potsdam;Psychology;2.4;750;171,810;14.3;160 - 450;20,616
Uni Regensburg;Psychology;;620;148,638;21.7;164 - 461;20,792
Uni des Saarlandes/Saarbrücken;Psychology;2.5;830;179,709;17.5;206 - 301;16,441
Uni Siegen;Psychology;;70;101,863;19.8;188 - 435;19,457
Uni Trier;Psychology;2.8;1,660;110,111;16.5;175 - 310;12,714
Uni Tübingen;Psychology;2.4;770;88,347;30.9;167 - 393;27,318
Uni Ulm;Psychology;1.9;880;123,953;11.8;215 - 405;10,461
Uni Witten/Herdecke (priv.);Psychology;1.9;460;96,781;2.5;;2,427
Uni Würzburg;Psychology;2.2;970;126,010;27.6;196 - 360;27,987
Uni Wuppertal;Psychology;;550;352,390;6.5;190 - 326;21,933
Alanus HS/Alfter (priv.);Education Science;;490;23,531;6.8;;1,589
Uni Augsburg;Education Science;;940;289,584;9.2;190 - 362;20,035
Uni Bamberg;Education Science;2.5;1,220;75,743;17.1;196 - 360;12,663
Uni Bayreuth;Education Science;;170;73,065;17.8;128 - 332;12,964
FU Berlin;Education Science;2.8;900;3,574,830;5.3;125 - 380;36,771
HU Berlin;Education Science;2.7;600;3,574,830;5.3;125 - 380;34,963
Uni Bielefeld;Education Science;;1,230;333,451;11.4;172 - 355;25,074
Uni Bochum;Education Science;;400;364,920;15.9;200 - 500;43,059
TU Braunschweig;Education Science;2.4;350;248,667;8.5;156 - 620;20,116
Uni Bremen;Education Science;;140;565,719;6.2;198 - 288;19,224
TU Chemnitz;Education Science;;460;246,353;4.3;157 - 260;10,482
TU Darmstadt;Education Science;;370;157,437;29.3;190 - 547;25,840
TU Dortmund;Education Science;;1,160;585,813;9.3;181 - 250;33,952
TU Dresden;Education Science;;450;547,172;7.2;107 - 370;29,728
Uni Duisburg-Essen/Essen;Education Science;2.6;710;583,084;;238 - 450;42,910
Uni Erfurt;Education Science;2.7;540;211,113;4.7;103 - 348;5,785
Uni Erl.-Nürnb./Erlangen;Education Science;;500;110,238;26.3;151 -319;29,025
Europa-Uni Flensburg;Education Science;;80;87,432;11;150 - 521;5,697
Uni Frankfurt a.M.;Education Science;;1,740;736,414;9.8;203 - 431;47,134
Uni Freiburg;Education Science;;190;227,590;14.4;196 - 412;24,488
Uni Gießen;Education Science;;1,110;86,543;46.3;165 - 444;28,575
Uni Göttingen;Education Science;;360;119,177;29.9;123 - 353;30,872
FernUni Hagen;Education Science;;4,630;188,266;38.1;181 - 250;67,983
Uni Halle-Wittenberg;Education Science;2.4;600;238,005;8.9;184 - 294;20,158
Uni Hamburg;Education Science;;1,530;1,810,438;6;233 - 415;42,853
Uni BW Hamburg;Education Science;1.9;450;1,810,438;6;233 - 415;2,667
Uni Hannover;Education Science;;260;532,864;9.3;154 - 395;28,613
Uni Heidelberg;Education Science;2.3;320;159,914;22;165 - 363;26,980
Uni Hildesheim;Education Science;;1,570;101,687;11.3;156 - 620;8,056
Uni Jena;Education Science;2.4;460;110,321;19.8;103 - 348;17,335
Karlsruher Inst. f. Technologie KIT;Education Science;;150;309,999;13.4;157 - 362;24,814
Uni Kiel;Education Science;;870;247,441;14.1;150 - 521;26,528
Uni Kobl.-Land./Koblenz;Education Science;;640;113,605;13.4;240 - 330;8,614
Uni Kobl.-Land./Landau;Education Science;3.3;670;46,006;18.2;155 - 300;8,367
Uni Köln;Education Science;;1,940;1,075,935;9.5;139 - 368;53,175
Uni Magdeburg;Education Science;;820;238,136;7.5;154 - 299;13,840
Uni Mainz;Education Science;;910;213,528;18.2;258 - 412;30,315
Uni Marburg;Education Science;;930;74,675;34.5;151 - 320;25,541
LMU München;Education Science;;610;1,464,301;7.5;181 - 458;50,527
Uni BW München;Education Science;;250;1,464,301;7.5;181 - 458;3,260
Uni Münster;Education Science;;1,290;311,846;19.3;174 - 606;44,755
Uni Oldenburg;Education Science;2.2;1,180;165,711;10.5;126 - 389;15,218
Uni Osnabrück;Education Science;;330;164,070;15.6;154 - 401;14,067
Uni Paderborn;Education Science;2.6;350;148,677;14.8;215 - 600;20,265
Uni Potsdam;Education Science;;220;171,810;14.3;160 - 450;20,616
Uni Regensburg;Education Science;;630;148,638;21.7;164 - 461;20,792
Uni Rostock;Education Science;;160;207,513;7.2;190 - 440;13,815
Uni Siegen;Education Science;;1,810;101,863;19.8;188 - 435;19,457
Uni Stuttgart;Education Science;;210;628,032;10;235 - 600;26,207
Uni Trier;Education Science;;1,000;110,111;16.5;175 - 310;12,714
Uni Tübingen;Education Science;;900;88,347;30.9;167 - 393;27,318
Uni Vechta;Education Science;;470;32,179;17.2;154 - 401;5,333
Uni Würzburg;Education Science;;490;126,010;27.6;196 - 360;27,987
Uni Wuppertal;Education Science;;420;352,390;6.5;190 - 326;21,933
RWTH Aachen;Biology / Bioscience;2;1,570;244,951;23.5;187 - 577;45,404
Uni Bayreuth;Biology / Bioscience;2.2;690;73,065;17.8;128 - 332;12,964
FU Berlin;Biology / Bioscience;2.4;1,090;3,574,830;5.3;125 - 380;36,771
HU Berlin;Biology / Bioscience;;1,510;3,574,830;5.3;125 - 380;34,963
Uni Bielefeld;Biology / Bioscience;;260;333,451;11.4;172 - 355;25,074
Uni Bochum;Biology / Bioscience;2.4;1,310;364,920;15.9;200 - 500;43,059
Uni Bonn;Biology / Bioscience;;1,360;322,125;12.4;172 - 633;37,515
TU Braunschweig;Biology / Bioscience;1.9;1,010;248,667;8.5;156 - 620;20,116
Jacobs Univ. Bremen (priv.);Biology / Bioscience;1.9;150;565,719;6.2;198 - 288;1,325
Uni Bremen;Biology / Bioscience;2;610;565,719;6.2;198 - 288;19,224
TU Darmstadt;Biology / Bioscience;2.1;610;157,437;29.3;190 - 547;25,840
TU Dresden;Biology / Bioscience;;860;547,172;7.2;107 - 370;29,728
Uni Düsseldorf;Biology / Bioscience;2.6;2,260;613,230;9.3;206 - 381;35,343
Uni Duisburg-Essen/Essen;Biology / Bioscience;2.3;880;583,084;;238 - 450;42,910
Uni Erl.-Nürnb./Erlangen;Biology / Bioscience;2.5;820;110,238;26.3;151 -319;29,025
Uni Frankfurt a.M.;Biology / Bioscience;2.1;1,240;736,414;9.8;203 - 431;47,134
Uni Freiburg;Biology / Bioscience;1.9;1,030;227,590;14.4;196 - 412;24,488
Uni Gießen;Biology / Bioscience;1.9;690;86,543;46.3;165 - 444;28,575
Uni Göttingen;Biology / Bioscience;2.1;2,020;119,177;29.9;123 - 353;30,872
Uni Greifswald;Biology / Bioscience;1.8;860;57,985;17.7;164 - 540;10,246
Uni Halle-Wittenberg;Biology / Bioscience;;590;238,005;8.9;184 - 294;20,158
Uni Hamburg;Biology / Bioscience;;1,410;1,810,438;6;233 - 415;42,853
MH Hannover;Biology / Bioscience;;;532,864;9.3;154 - 395;3,489
TiHo Hannover;Biology / Bioscience;;50;532,864;9.3;154 - 395;2,341
Uni Hannover;Biology / Bioscience;;900;532,864;9.3;154 - 395;28,613
Uni Heidelberg;Biology / Bioscience;2.3;1,430;159,914;22;165 - 363;26,980
Uni Hildesheim;Biology / Bioscience;;190;101,687;11.3;156 - 620;8,056
Uni Hohenheim;Biology / Bioscience;1.7;530;628,032;10;235 - 600;9,253
Uni Jena;Biology / Bioscience;2.2;1,110;110,321;19.8;103 - 348;17,335
TU Kaiserslautern;Biology / Bioscience;2.2;460;99,302;17.5;140 - 395;14,668
Karlsruher Inst. f. Technologie KIT;Biology / Bioscience;1.8;480;309,999;13.4;157 - 362;24,814
Uni Kassel;Biology / Bioscience;2.7;390;199,062;15.3;173 - 420;24,140
Uni Kiel;Biology / Bioscience;2;880;247,441;14.1;150 - 521;26,528
Uni Kobl.-Land./Landau;Biology / Bioscience;;260;46,006;18.2;155 - 300;8,367
Uni Köln;Biology / Bioscience;;2,210;1,075,935;9.5;139 - 368;53,175
Uni Konstanz;Biology / Bioscience;1.9;990;83,789;19.3;228 - 420;11,078
Uni Leipzig;Biology / Bioscience;;560;571,088;6.8;138 - 425;28,797
Uni Lübeck;Biology / Bioscience;1.9;550;216,712;4.9;150 - 521;4,604
Uni Lüneburg;Biology / Bioscience;;50;74,494;13.1;156 - 620;9,900
Uni Mainz;Biology / Bioscience;2.7;1,340;213,528;18.2;258 - 412;30,315
Uni Marburg;Biology / Bioscience;2.1;790;74,675;34.5;151 - 320;25,541
LMU München;Biology / Bioscience;2.1;1,410;1,464,301;7.5;181 - 458;50,527
TU München/Freising;Biology / Bioscience;1.9;660;47,848;18.4;181 - 458;4,779
Uni Münster;Biology / Bioscience;;1,670;311,846;19.3;174 - 606;44,755
Uni Oldenburg;Biology / Bioscience;;1,110;165,711;10.5;126 - 389;15,218
Uni Osnabrück;Biology / Bioscience;2.5;890;164,070;15.6;154 - 401;14,067
Uni Potsdam;Biology / Bioscience;;1,010;171,810;14.3;160 - 450;20,616
Uni Regensburg;Biology / Bioscience;2.5;810;148,638;21.7;164 - 461;20,792
Uni Rostock;Biology / Bioscience;;800;207,513;7.2;190 - 440;13,815
Uni des Saarlandes/Saarbrücken;Biology / Bioscience;2.1;320;179,709;17.5;206 - 301;16,441
Uni Stuttgart;Biology / Bioscience;;350;628,032;10;235 - 600;26,207
Uni Trier;Biology / Bioscience;;220;110,111;16.5;175 - 310;12,714
Uni Tübingen;Biology / Bioscience;1.9;960;88,347;30.9;167 - 393;27,318
Uni Ulm;Biology / Bioscience;2.5;980;123,953;11.8;215 - 405;10,461
Uni Vechta;Biology / Bioscience;1.7;130;32,179;17.2;154 - 401;5,333
Uni Würzburg;Biology / Bioscience;2.1;1,070;126,010;27.6;196 - 360;27,987
Uni Wuppertal;Biology / Bioscience;;10;352,390;6.5;190 - 326;21,933
RWTH Aachen;Medicine;1.5;2,610;244,951;23.5;187 - 577;45,404
FU Berlin;Medicine;;5,120;3,574,830;5.3;125 - 380;36,771
HU Berlin;Medicine;;5,120;3,574,830;5.3;125 - 380;34,963
Uni Bochum;Medicine;2.2;3,150;364,920;15.9;200 - 500;43,059
Uni Bonn;Medicine;2.3;2,590;322,125;12.4;172 - 633;37,515
MH Brandenburg/Neuruppin;Medicine;;140;31,037;0.9;;272
TU Dresden;Medicine;;2,240;547,172;7.2;107 - 370;29,728
Uni Düsseldorf;Medicine;2.6;3,300;613,230;9.3;206 - 381;35,343
Uni Duisburg-Essen/Essen;Medicine;2.3;2,110;583,084;;238 - 450;42,910
Uni Erl.-Nürnb./Erlangen;Medicine;;2,780;110,238;26.3;151 -319;29,025
Uni Frankfurt a.M.;Medicine;;3,020;736,414;9.8;203 - 431;47,134
Uni Freiburg;Medicine;;2,870;227,590;14.4;196 - 412;24,488
Uni Gießen;Medicine;;2,460;86,543;46.3;165 - 444;28,575
Uni Göttingen;Medicine;1.8;3,140;119,177;29.9;123 - 353;30,872
Uni Greifswald;Medicine;2.1;2,040;57,985;17.7;164 - 540;10,246
Uni Halle-Wittenberg;Medicine;1.9;1,770;238,005;8.9;184 - 294;20,158
Uni Hamburg;Medicine;;3,230;1,810,438;6;233 - 415;42,853
MH Hannover;Medicine;;2,570;532,864;9.3;154 - 395;3,489
Uni Heidelberg;Medicine;1.6;3,490;159,914;22;165 - 363;26,980
Uni Heidelberg - Med. Fak. Mannheim;Medicine;1.8;1,770;304,781;9.3;190 - 410;1,730
Uni Jena;Medicine;;2,090;110,321;19.8;103 - 348;17,335
Uni Kiel;Medicine;;2,010;247,441;14.1;150 - 521;26,528
Uni Köln;Medicine;;3,620;1,075,935;9.5;139 - 368;53,175
Uni Leipzig;Medicine;;2,590;571,088;6.8;138 - 425;28,797
Uni Lübeck;Medicine;1.5;1,560;216,712;4.9;150 - 521;4,604
Uni Magdeburg;Medicine;2.1;1,610;238,136;7.5;154 - 299;13,840
Uni Mainz;Medicine;2.7;3,190;213,528;18.2;258 - 412;30,315
Uni Marburg;Medicine;;2,730;74,675;34.5;151 - 320;25,541
LMU München;Medicine;1.9;5,990;1,464,301;7.5;181 - 458;50,527
TU München;Medicine;1.6;2,110;1,464,301;7.5;181 - 458;19,082
Uni Münster;Medicine;1.5;2,450;311,846;19.3;174 - 606;44,755
Uni Oldenburg;Medicine;2.5;240;165,711;10.5;126 - 389;15,218
Uni Regensburg;Medicine;2.2;1,790;148,638;21.7;164 - 461;20,792
Uni Rostock;Medicine;;1,970;207,513;7.2;190 - 440;13,815
Uni des Saarlandes/Homburg;Medicine;2.5;2,110;42,040;;206 - 301;
Uni Tübingen;Medicine;1.8;3,200;88,347;30.9;167 - 393;27,318
Uni Ulm;Medicine;2.1;2,860;123,953;11.8;215 - 405;10,461
Uni Witten/Herdecke (priv.);Medicine;1.6;730;96,781;2.5;;2,427
Uni Würzburg;Medicine;2.1;3,490;126,010;27.6;196 - 360;27,987
RWTH Aachen;Dentistry;2.3;500;244,951;23.5;187 - 577;45,404
FU Berlin;Dentistry;;680;3,574,830;5.3;125 - 380;36,771
HU Berlin;Dentistry;;680;3,574,830;5.3;125 - 380;34,963
Uni Bonn;Dentistry;;590;322,125;12.4;172 - 633;37,515
TU Dresden;Dentistry;;420;547,172;7.2;107 - 370;29,728
Uni Düsseldorf;Dentistry;;410;613,230;9.3;206 - 381;35,343
Uni Erl.-Nürnb./Erlangen;Dentistry;;670;110,238;26.3;151 -319;29,025
Uni Frankfurt a.M.;Dentistry;;860;736,414;9.8;203 - 431;47,134
Uni Freiburg;Dentistry;;560;227,590;14.4;196 - 412;24,488
Uni Gießen;Dentistry;;430;86,543;46.3;165 - 444;28,575
Uni Göttingen;Dentistry;;590;119,177;29.9;123 - 353;30,872
Uni Greifswald;Dentistry;1.4;279;57,985;17.7;164 - 540;10,246
Uni Halle-Wittenberg;Dentistry;1.8;270;238,005;8.9;184 - 294;20,158
Uni Hamburg;Dentistry;;520;1,810,438;6;233 - 415;42,853
MH Hannover;Dentistry;;550;532,864;9.3;154 - 395;3,489
Uni Heidelberg;Dentistry;3;550;159,914;22;165 - 363;26,980
Uni Jena;Dentistry;;360;110,321;19.8;103 - 348;17,335
Uni Kiel;Dentistry;;520;247,441;14.1;150 - 521;26,528
Uni Köln;Dentistry;;470;1,075,935;9.5;139 - 368;53,175
Uni Leipzig;Dentistry;;340;571,088;6.8;138 - 425;28,797
Uni Mainz;Dentistry;2.3;650;213,528;18.2;258 - 412;30,315
Uni Marburg;Dentistry;2.7;440;74,675;34.5;151 - 320;25,541
LMU München;Dentistry;;730;1,464,301;7.5;181 - 458;50,527
Uni Münster;Dentistry;3;800;311,846;19.3;174 - 606;44,755
Uni Regensburg;Dentistry;2;510;148,638;21.7;164 - 461;20,792
Uni Rostock;Dentistry;;190;207,513;7.2;190 - 440;13,815
Uni des Saarlandes/Homburg;Dentistry;;150;42,040;;206 - 301;
Uni Tübingen;Dentistry;3.1;350;88,347;30.9;167 - 393;27,318
Uni Ulm;Dentistry;;370;123,953;11.8;215 - 405;10,461
Uni Witten/Herdecke (priv.);Dentistry;2.1;310;96,781;2.5;;2,427
Uni Würzburg;Dentistry;;640;126,010;27.6;196 - 360;27,987
RWTH Aachen;Geoscience;;840;244,951;23.5;187 - 577;45,404
Uni Bayreuth;Geoscience;1.7;370;73,065;17.8;128 - 332;12,964
FU Berlin;Geoscience;2.3;620;3,574,830;5.3;125 - 380;36,771
TU Berlin;Geoscience;;;3,574,830;5.3;125 - 380;34,718
Uni Bochum;Geoscience;;680;364,920;15.9;200 - 500;43,059
Uni Bonn;Geoscience;;630;322,125;12.4;172 - 633;37,515
TU Braunschweig;Geoscience;2.2;270;248,667;8.5;156 - 620;20,116
Jacobs Univ. Bremen (priv.);Geoscience;1.3;40;565,719;6.2;198 - 288;1,325
Uni Bremen;Geoscience;;510;565,719;6.2;198 - 288;19,224
TU Clausthal;Geoscience;;150;15,523;28.5;156 - 620;4,423
BTU Cottbus-Senftenberg/Cottbus;Geoscience;;190;100,416;6.2;158 - 385;6,212
TU Darmstadt;Geoscience;;510;157,437;29.3;190 - 547;25,840
Uni Erl.-Nürnb./Erlangen;Geoscience;;400;110,238;26.3;151 -319;29,025
Uni Frankfurt a.M.;Geoscience;2.3;540;736,414;9.8;203 - 431;47,134
TU Bergakademie Freiberg;Geoscience;1.9;700;41,642;9.9;170 - 380;4,113
Uni Freiburg;Geoscience;;220;227,590;14.4;196 - 412;24,488
Uni Göttingen;Geoscience;1.8;680;119,177;29.9;123 - 353;30,872
Uni Greifswald;Geoscience;;140;57,985;17.7;164 - 540;10,246
Uni Halle-Wittenberg;Geoscience;2.1;460;238,005;8.9;184 - 294;20,158
Uni Hamburg;Geoscience;;530;1,810,438;6;233 - 415;42,853
Uni Hannover;Geoscience;2.7;390;532,864;9.3;154 - 395;28,613
Uni Heidelberg;Geoscience;;170;159,914;22;165 - 363;26,980
Uni Jena;Geoscience;1.9;140;110,321;19.8;103 - 348;17,335
Karlsruher Inst. f. Technologie KIT;Geoscience;;370;309,999;13.4;157 - 362;24,814
Uni Kiel;Geoscience;;640;247,441;14.1;150 - 521;26,528
Uni Kobl.-Land./Koblenz;Geoscience;3;;113,605;13.4;240 - 330;8,614
Uni Kobl.-Land./Landau;Geoscience;;;46,006;18.2;155 - 300;8,367
Uni Köln;Geoscience;;330;1,075,935;9.5;139 - 368;53,175
Uni Leipzig;Geoscience;;20;571,088;6.8;138 - 425;28,797
Uni Mainz;Geoscience;;420;213,528;18.2;258 - 412;30,315
LMU München;Geoscience;2;470;1,464,301;7.5;181 - 458;50,527
TU München;Geoscience;2;340;1,464,301;7.5;181 - 458;19,082
Uni Münster;Geoscience;1.9;370;311,846;19.3;174 - 606;44,755
Uni Potsdam;Geoscience;;540;171,810;14.3;160 - 450;20,616
Uni Stuttgart;Geoscience;;260;628,032;10;235 - 600;26,207
Uni Trier;Geoscience;;530;110,111;16.5;175 - 310;12,714
Uni Tübingen;Geoscience;2;760;88,347;30.9;167 - 393;27,318
RWTH Aachen;Geography;;610;244,951;23.5;187 - 577;45,404
Uni Augsburg;Geography;;1,020;289,584;9.2;190 - 362;20,035
Uni Bamberg;Geography;2.9;100;75,743;17.1;196 - 360;12,663
Uni Bayreuth;Geography;2.5;290;73,065;17.8;128 - 332;12,964
FU Berlin;Geography;2.6;710;3,574,830;5.3;125 - 380;36,771
HU Berlin;Geography;2.2;730;3,574,830;5.3;125 - 380;34,963
Uni Bochum;Geography;2;980;364,920;15.9;200 - 500;43,059
Uni Bonn;Geography;1.9;1,390;322,125;12.4;172 - 633;37,515
Uni Bremen;Geography;;300;565,719;6.2;198 - 288;19,224
TU Dresden;Geography;;620;547,172;7.2;107 - 370;29,728
Katholische Universität/Eichstätt;Geography;1.7;370;13,457;30.9;;4,153
Uni Erl.-Nürnb./Erlangen;Geography;1.7;540;110,238;26.3;151 -319;29,025
Uni Frankfurt a.M.;Geography;2.1;640;736,414;9.8;203 - 431;47,134
Uni Freiburg;Geography;;140;227,590;14.4;196 - 412;24,488
Uni Gießen;Geography;;700;86,543;46.3;165 - 444;28,575
Uni Göttingen;Geography;2.2;660;119,177;29.9;123 - 353;30,872
Uni Greifswald;Geography;;270;57,985;17.7;164 - 540;10,246
Uni Halle-Wittenberg;Geography;1.9;520;238,005;8.9;184 - 294;20,158
Uni Hamburg;Geography;;400;1,810,438;6;233 - 415;42,853
Uni Hannover;Geography;2.1;380;532,864;9.3;154 - 395;28,613
Uni Heidelberg;Geography;1.9;450;159,914;22;165 - 363;26,980
Uni Hildesheim;Geography;2.3;180;101,687;11.3;156 - 620;8,056
Uni Jena;Geography;2.5;190;110,321;19.8;103 - 348;17,335
Karlsruher Inst. f. Technologie KIT;Geography;2;210;309,999;13.4;157 - 362;24,814
Uni Kiel;Geography;2;620;247,441;14.1;150 - 521;26,528
Uni Kobl.-Land./Koblenz;Geography;;390;113,605;13.4;240 - 330;8,614
Uni Kobl.-Land./Landau;Geography;;70;46,006;18.2;155 - 300;8,367
Uni Köln;Geography;;960;1,075,935;9.5;139 - 368;53,175
Uni Leipzig;Geography;;380;571,088;6.8;138 - 425;28,797
Uni Mainz;Geography;2.4;460;213,528;18.2;258 - 412;30,315
Uni Marburg;Geography;;450;74,675;34.5;151 - 320;25,541
LMU München;Geography;;790;1,464,301;7.5;181 - 458;50,527
Uni Münster;Geography;2.2;1,190;311,846;19.3;174 - 606;44,755
Uni Osnabrück;Geography;2.2;550;164,070;15.6;154 - 401;14,067
Uni Passau;Geography;;80;51,074;24.9;164 - 461;12,742
Uni Trier;Geography;;210;110,111;16.5;175 - 310;12,714
Uni Tübingen;Geography;;330;88,347;30.9;167 - 393;27,318
Uni Vechta;Geography;;130;32,179;17.2;154 - 401;5,333
Uni Würzburg;Geography;2.4;870;126,010;27.6;196 - 360;27,987
Uni Wuppertal;Geography;;70;352,390;6.5;190 - 326;21,933
Uni Augsburg;Romance Studies;2.3;100;289,584;9.2;190 - 362;20,035
Uni Bamberg;Romance Studies;;180;75,743;17.1;196 - 360;12,663
Uni Bayreuth;Romance Studies;;20;73,065;17.8;128 - 332;12,964
FU Berlin;Romance Studies;2.2;370;3,574,830;5.3;125 - 380;36,771
HU Berlin;Romance Studies;;330;3,574,830;5.3;125 - 380;34,963
Uni Bielefeld;Romance Studies;;30;333,451;11.4;172 - 355;25,074
Uni Bochum;Romance Studies;;630;364,920;15.9;200 - 500;43,059
Uni Bonn;Romance Studies;;960;322,125;12.4;172 - 633;37,515
Uni Bremen;Romance Studies;;210;565,719;6.2;198 - 288;19,224
TU Dresden;Romance Studies;;10;547,172;7.2;107 - 370;29,728
Uni Düsseldorf;Romance Studies;;570;613,230;9.3;206 - 381;35,343
Uni Duisburg-Essen/Essen;Romance Studies;;620;583,084;;238 - 450;42,910
Katholische Universität/Eichstätt;Romance Studies;;150;13,457;30.9;;4,153
Uni Erl.-Nürnb./Erlangen;Romance Studies;2.2;220;110,238;26.3;151 -319;29,025
Europa-Uni Flensburg;Romance Studies;;20;87,432;11;150 - 521;5,697
Uni Frankfurt a.M.;Romance Studies;;400;736,414;9.8;203 - 431;47,134
Uni Freiburg;Romance Studies;;440;227,590;14.4;196 - 412;24,488
Uni Gießen;Romance Studies;;210;86,543;46.3;165 - 444;28,575
Uni Göttingen;Romance Studies;;140;119,177;29.9;123 - 353;30,872
Uni Halle-Wittenberg;Romance Studies;;90;238,005;8.9;184 - 294;20,158
Uni Hamburg;Romance Studies;;370;1,810,438;6;233 - 415;42,853
Uni Hannover;Romance Studies;;110;532,864;9.3;154 - 395;28,613
Uni Heidelberg;Romance Studies;;130;159,914;22;165 - 363;26,980
Uni Jena;Romance Studies;;80;110,321;19.8;103 - 348;17,335
Uni Kassel;Romance Studies;;170;199,062;15.3;173 - 420;24,140
Uni Kiel;Romance Studies;;210;247,441;14.1;150 - 521;26,528
Uni Kobl.-Land./Landau;Romance Studies;;10;46,006;18.2;155 - 300;8,367
Uni Köln;Romance Studies;;630;1,075,935;9.5;139 - 368;53,175
Uni Konstanz;Romance Studies;;110;83,789;19.3;228 - 420;11,078
Uni Leipzig;Romance Studies;;310;571,088;6.8;138 - 425;28,797
Uni Mainz;Romance Studies;;130;213,528;18.2;258 - 412;30,315
Uni Mannheim;Romance Studies;2.4;310;304,781;9.3;190 - 410;12,012
Uni Marburg;Romance Studies;;130;74,675;34.5;151 - 320;25,541
LMU München;Romance Studies;2;530;1,464,301;7.5;181 - 458;50,527
Uni Münster;Romance Studies;;160;311,846;19.3;174 - 606;44,755
Uni Osnabrück;Romance Studies;;270;164,070;15.6;154 - 401;14,067
Uni Paderborn;Romance Studies;;110;148,677;14.8;215 - 600;20,265
Uni Passau;Romance Studies;;10;51,074;24.9;164 - 461;12,742
Uni Potsdam;Romance Studies;;460;171,810;14.3;160 - 450;20,616
Uni Regensburg;Romance Studies;3.2;460;148,638;21.7;164 - 461;20,792
Uni Rostock;Romance Studies;;30;207,513;7.2;190 - 440;13,815
Uni des Saarlandes/Saarbrücken;Romance Studies;;420;179,709;17.5;206 - 301;16,441
Uni Siegen;Romance Studies;;130;101,863;19.8;188 - 435;19,457
Uni Stuttgart;Romance Studies;;80;628,032;10;235 - 600;26,207
Uni Trier;Romance Studies;;50;110,111;16.5;175 - 310;12,714
Uni Tübingen;Romance Studies;;130;88,347;30.9;167 - 393;27,318
Uni Würzburg;Romance Studies;;180;126,010;27.6;196 - 360;27,987
Uni Wuppertal;Romance Studies;;40;352,390;6.5;190 - 326;21,933
Uni Bayreuth;Sports Sciences;1.6;730;73,065;17.8;128 - 332;12,964
HU Berlin;Sports Sciences;4.3;390;3,574,830;5.3;125 - 380;34,963
Uni Bielefeld;Sports Sciences;;350;333,451;11.4;172 - 355;25,074
Uni Bochum;Sports Sciences;1.8;880;364,920;15.9;200 - 500;43,059
TU Chemnitz;Sports Sciences;;370;246,353;4.3;157 - 260;10,482
TU Darmstadt;Sports Sciences;;390;157,437;29.3;190 - 547;25,840
Uni Erl.-Nürnb./Erlangen;Sports Sciences;;100;110,238;26.3;151 -319;29,025
Uni Frankfurt a.M.;Sports Sciences;2.7;520;736,414;9.8;203 - 431;47,134
Uni Freiburg;Sports Sciences;1.5;190;227,590;14.4;196 - 412;24,488
Uni Gießen;Sports Sciences;2.4;520;86,543;46.3;165 - 444;28,575
Uni Göttingen;Sports Sciences;;580;119,177;29.9;123 - 353;30,872
Uni Halle-Wittenberg;Sports Sciences;;180;238,005;8.9;184 - 294;20,158
Uni Hamburg;Sports Sciences;;330;1,810,438;6;233 - 415;42,853
Uni Hannover;Sports Sciences;2.2;0;532,864;9.3;154 - 395;28,613
Uni Heidelberg;Sports Sciences;1.8;180;159,914;22;165 - 363;26,980
Uni Hildesheim;Sports Sciences;;160;101,687;11.3;156 - 620;8,056
Uni Jena;Sports Sciences;2.4;330;110,321;19.8;103 - 348;17,335
Karlsruher Inst. f. Technologie KIT;Sports Sciences;2.2;370;309,999;13.4;157 - 362;24,814
Uni Kiel;Sports Sciences;;220;247,441;14.1;150 - 521;26,528
Uni Kobl.-Land./Landau;Sports Sciences;;160;46,006;18.2;155 - 300;8,367
Deutsche Sporthochschule Köln;Sports Sciences;2.2;5,540;1,075,935;9.5;139 - 368;5,838
Uni Konstanz;Sports Sciences;3.8;290;83,789;19.3;228 - 420;11,078
Uni Leipzig;Sports Sciences;;1,200;571,088;6.8;138 - 425;28,797
Uni Magdeburg;Sports Sciences;;460;238,136;7.5;154 - 299;13,840
Uni Mainz;Sports Sciences;2.1;540;213,528;18.2;258 - 412;30,315
Uni Marburg;Sports Sciences;;510;74,675;34.5;151 - 320;25,541
TU München;Sports Sciences;2.3;1,700;1,464,301;7.5;181 - 458;19,082
Uni BW München;Sports Sciences;;160;1,464,301;7.5;181 - 458;3,260
Uni Münster;Sports Sciences;2.3;150;311,846;19.3;174 - 606;44,755
Uni Oldenburg;Sports Sciences;;670;165,711;10.5;126 - 389;15,218
Uni Paderborn;Sports Sciences;2.2;460;148,677;14.8;215 - 600;20,265
Uni Potsdam;Sports Sciences;;540;171,810;14.3;160 - 450;20,616
Uni Regensburg;Sports Sciences;;460;148,638;21.7;164 - 461;20,792
Uni Rostock;Sports Sciences;;0;207,513;7.2;190 - 440;13,815
Uni des Saarlandes/Saarbrücken;Sports Sciences;2.7;320;179,709;17.5;206 - 301;16,441
Uni Stuttgart;Sports Sciences;;330;628,032;10;235 - 600;26,207
Uni Tübingen;Sports Sciences;1.7;470;88,347;30.9;167 - 393;27,318
Uni Würzburg;Sports Sciences;;250;126,010;27.6;196 - 360;27,987
Uni Wuppertal;Sports Sciences;;100;352,390;6.5;190 - 326;21,933
